시군명,사업단계,사업유형,정비구역명,위치,구역면적(㎡),(기존주택)준공년도,(기존주택)동수,(기존주택)세대수,(기존주택)면적별세대수(40㎡미만),(기존주택)면적별세대수(40~60㎡),(기존주택)면적별세대수(60~85㎡),(기존주택)면적별세대수(85~135㎡),(기존주택)면적별세대수(135㎡이상),사업시행세대수총계,조합원분양세대수,일반분양세대수,임대세대수,(신축주택)분양주택수,(신축주택)면적별분양주택수(40㎡미만),(신축주택)면적별분양주택수(40~60㎡),(신축주택)면적별분양주택수(60~85㎡),(신축주택)면적별분양주택수(85~135㎡),(신축주택)면적별분양주택수(135㎡이상),(신축주택)임대주택수,(신축주택)면적별임대주택수(40㎡미만),(신축주택)면적별임대주택수(40~60㎡),(신축주택)면적별임대주택수(60~85㎡),(기존)용적률,(신축)용적률,토지등소유자수(명),조합원수(명),사업시행자,사업예정기간(사업시작),사업예정기간(사업완료),정비예정구역고시일자,정비구역지정예정일자,정비계획승인일자,정비구역지정일자(최초지정),정비구역지정일자(변경지정),추진위승인일자,예비평가일자,안전진단일자,조합설립인가일자,사업시행인가일자,관리처분인가일자,착공일자,일반분양일자,준공일자,이전고시일자,현추진상황,담당자전화번호,비고
고양시,준공,재건축,원당주공2단지,경기도 고양시 성사동 715번지,77755.000,1986,37,1260,,800,460,,,1651.00,1252,111,288,1363,,117,685,476,85,288,,223,65,77%,266%,1260,1252,조합,2007,2010,,,,20060116,20060522,,,20030324,20030630,20060524,20061023,20070423,20091117,20091030,20100330,,031-8075-3434,
고양시,예정구역,재건축,관산Ⅱ-1구역,경기도 고양시 덕양구 관산동 178-57번지 일원,16404.000,1980~1992,8,435,20,80,235,100,,,,,,,,,,,,,,,,230%,230%,435,,,,,20140106,20201231,,,,,20190513,20240415,,,,,,,,,031-8075-3432,
고양시,조합설립,재개발,행신Ⅰ-1구역,경기도 고양시 덕양구 행신동 222번지 일원,29320.000,1980~2012,84,662,43,180,350,150,,663.00,533,50,80,583,,423,160,,,80,61,19,,200%,230%,557,557,,,,20140106,20201231,,20221227,,20230406,,,20240415,,,,,,,,031-8075-3434,
고양시,조합설립,재개발,일산Ⅰ-2구역,경기도 고양시 일산동 960-16번지 일원,17738.000,1940~2001,9,94,,4,5,,,308.00,98,172,38,270,,196,74,,,38,20,18,,150%,230%,99,98,조합,2015,,20061221,20080101,20140114,20150410,20170414,20100201,,,20190115,,,,,,,,031-8075-3434,
고양시,조합설립,재개발,고양 Ⅰ-1구역,경기도 고양시 덕양구 고양동 22-2번지 일원(제일복지회관 주변),24500.000,1970~2004,45,196,15,70,90,21,,352.00,123,169,60,292,,120,140,32,,60,60,,,37%,222%,124,123,조합,2009,,20061221,20061221,20090630,20091224,,20070305,,,20100618,,,,,,,,031-8075-3434,
고양시,사업시행,재개발,고양Ⅰ-2구역,경기도 고양시 덕양구 고양동 92-1번지 일원(한양연립 주변),16154.000,1980~1995,14,160,10,60,80,10,,309.00,129,142,38,271,7,202,62,,,38,38,,,55%,218%,132,129,조합,2008,,20061221,,,20090609,20110617,20070423,,,20091120,20110624,,,,,,,031-8075-3434,
고양시,관리처분,재건축,행신 Ⅱ-1구역,경기도 고양시 행신동 173-1번지일원(행신지구 재건축 주변),13062.000,1980~2003,13,267,20,90,120,37,,272.00,169,103,,272,,132,140,,,,,,,104%,230%,186,169,조합,2010,,20061221,20061221,20090901,20100309,20170324,,,,20010921,20220503,20240223,,,,,,031-8075-3432,
고양시,착공,재건축,능곡 2-1,경기도 고양시 덕양구 토당동 251-12번지 일원,33263.000,1985,45,534,,416,118,,,834.00,489,270,75,759,,374,385,,,75,,75,,123%,283%,541,489,조합,2007,,20061221,,,20070827,20181221,20031229,20030528,20031104,20070831,20080314,20180510,20200219,20201016,,20240910,,031-8075-3432,
고양시,준공,재개발,관산1차,경기도 고양시 관산동 178-52번지 일원,6986.000,1987,21,33,2,12,15,4,,340.00,50,290,,340,,136,102,68,34,,,,,126%,669%,53,50,조합,2007,2012,,,,20050926,20070813,20051205,,,20060110,20070921,20071227,20110120,20110428,20140228,20140314,,031-8075-3434,
고양시,준공,재건축,일산Ⅱ-1구역(탄현주공),경기도 고양시 탄현동 28번지 일원,23728.000,1989,13,33,2,12,15,4,,589.00,393,178,18,571,,141,398,32,,18,,18,,95%,250%,393,393,조합,2007,2012,20061221,,,20071022,,,,20030630,20030630,20081231,20091231,20110304,20130509,20130802,20140711,,031-8075-3434,
고양시,준공,재건축,주교성사1단지,경기도 고양시 덕양구 성사동 869,66998.000,1986,35,1050,,846,204,,,1486.00,1047,289,150,1336,,164,616,376,180,150,,150,,80%,277%,1047,1047,조합,2005,2009,,,,20060619,20071227,,,20030228,20030630,20060620,20061012,20070430,20091125,20091202,20100618,,031-8075-3434,
과천시,관리처분,재건축,"주공8,9단지구역",경기도 과천시 부림동 41번지 일원,138828.000,1982,29,2120,,540,1580,,,2829.00,2120,709,,2829,,242,1523,971,93,,,,,130%,237%,2171,2041,조합,2019,2029,20100430,20100430,20190228,20190228,20221026,20210223,,20141229,,20240321,20250108,,,,,,02-3677-2652,
과천시,청산,재건축,주공7-2단지,경기도 과천시 별양동 3번지 일원,31967.000,1982,11,400,,300,100,,,543.00,400,143,,543,,224,274,45,,,,,,91%,220%,401,400,조합,2011,2018,20100430,,20111229,20111229,20120319,20130717,,20100506,,20141031,20150710,20160428,20160524,20180725,20181212,,02-3677-2653,
과천시,청산,재건축,주공12단지,경기도 과천시 갈현동 369 일원,9289.000,1984,5,44,,,,44,,100.00,43,57,,100,,,62,35,3,,,,,47%,164%,47,45,조합,2007,2020,,,,,,20060608,,20060427,,20060711,20070105,20180521,20180525,20200811,20201123,,02-3677-2656,
과천시,준공,재건축,주공1단지,경기도 과천시 중앙동 37번지 일원,114500.000,1981,39,1062,,400,662,,,1571.00,1062,509,,1571,,462,581,473,55,,,,,75%,189%,1135,1133,조합,2011,2020,20100430,,20110923,20110923,20190717,20120406,,20100506,,20150617,20160322,20170908,20190722,20200331,20201015,,02-3677-2652,
과천시,준공,재건축,주공7-1단지,경기도 과천시 부림동 49번지 일원,80419.000,1982,24,722,,400,322,,,1317.00,739,578,,1317,,316,752,247,2,,,,,67%,212%,745,742,조합,2011,2020,20100430,,20111229,20111229,20210318,20131219,,20100506,,20150827,20160415,20171201,20180125,20201221,20210520,,02-3677-2653,
과천시,준공,재건축,주공2단지,"경기도 과천시 원문동 2, 별양동 8번지 일원",118069.000,1982,38,1620,500,1120,,,,2128.00,1607,521,,2128,62,806,1011,249,,,,,,71%,227%,1618,1607,조합,2011,2021,20100430,,20110809,20110809,20210518,20120926,20060823,20070410,,20150630,20161116,20180220,20180316,20210128,20210520,,02-3677-2652,
과천시,준공,재건축,주공6단지,경기도 과천시 별양동 52번지 일원,118176.000,1982,47,1262,,620,642,,,2099.00,1316,783,,2099,,706,845,504,44,,,,,81%,222%,1340,1294,조합,2011,2021,20100430,,20110923,20110923,20171220,20111208,,20100506,,20150625,20160727,20181223,20190515,20220318,20220425,,02-3677-2657,
과천시,착공,재건축,주공4단지구역,경기도 과천시 별양동 7번지 일원,60679.000,1983,10,1110,,210,900,,,1445.00,1158,287,,1445,,288,960,197,,,,,,170%,288%,1163,1150,조합,2017,2027,20100430,20100430,20170515,20170515,20220811,20180312,,20141229,,20200901,20220527,20240701,20241007,,,,02-3677-2657,
과천시,착공,재개발,주암장군마을,경기도 과천시 주암동 63-9번지 일원,52895.000,1980-2009,143,420,20,175,41,65,119,880.00,488,348,44,836,,229,453,154,,44,44,,,145%,232%,405,401,조합,2016,2027,20100430,20151231,20160812,20160812,20210406,20180820,,,,20211029,20230315,20250425,20250826,,,,02-3677-2656,
과천시,조합설립,재건축,주공10단지구역,경기도 과천시 중앙동 67번지 일원,102100.000,1984,26,632,,,172,460,,1339.00,632,707,,1339,,348,628,342,21,,,,,82%,180%,669,648,조합,2016,2030,20100430,20100430,20161121,20161121,,20210810,,20141229,,,,,,,,,02-3677-2656,
과천시,관리처분,재건축,주공5단지구역,경기도 과천시 별양동 6번지 일원,63629.000,1983,7,800,,,,800,,1242.00,828,414,,1242,,0,556,682,4,,,,,175%,300%,834,776,조합,2017,2028,20100430,20100430,20170515,20170515,20201029,20200123,,20141229,,20240521,20250321,,,,,,02-3677-2653,
광명시,준공,주거환경개선,광명철산,경기도 광명시 철산동 510,78673.000,1991,380,1952,148,1025,576,203,,2351.00,,1117,1234,1117,,462,541,114,,1234,580,654,,50~100%,275%,1933,1933,LH,1996,2002,,,,19960203,,,,,,19961114,,19980828,20010507,20020524,,,02-2680-2363,
광명시,준공,주거환경개선,광명삼각주,경기도 광명시 철산동 606,11480.000,1996,170,281,,220,61,,,401.00,,182,219,182,,92,90,,,219,,219,,50~100%,284%,278,278,LH,1997,2001,,,,19960626,,,,,,19970930,,19990415,20001010,20011015,,,02-2680-2363,
광명시,준공,주거환경개선,광명신촌마을,경기도 광명시 소하동 4-1 일원,112120.000,2001,501,919,23,550,346,,,1760.00,,885,875,885,,113,628,144,,875,66,809,,50~100%,176%,910,910,LH,2003,2010,,,,20030528,20090109,,,,,20050207,,20090630,20090826,20101029,,,02-2680-2363,
광명시,추진위원회,재건축,철산주공13단지,경기도 광명시 nan,,,,2460,,,,,,,,,,3719,,,,,,,,,,,,,,,,,,,,,,20250722,,,,,,,,,,,,
광명시,정비구역,재건축,하안주공5단지,경기도 광명시 nan,,,,2049,,,,,,,,,,2832,,,,,,,,,,,,,,,,,,,,20250528,,,,,,,,,,,,,,
광명시,추진위원회,재건축,하안주공8단지,경기도 광명시 nan,,,,1680,,,,,,,,,,2302,,,,,,,,,,,,,,,,,,,,,,,,,,,,,,,,,,
광명시,준공,재건축,"철산주공8,9단지",경기도 광명시 철산2동 235,173856.000,1985,77,2064,310,910,640,204,,3804.00,2057,1655,92,3712,,1922,1370,420,,92,,92,,77%,280%,2094,2051,조합,2014,2025,,,20100727,20110524,20190329,20140326,20091006,20100125,,20181228,20200715,20211230,20221215,20250530,,,02-2680-6972,
광명시,준공,재건축,철산주공7단지,경기도 광명시 철산3동 233,61041.000,1985,23,599,,283,316,,,1313.00,602,711,,1313,,759,492,62,,,,,,67%,266%,630,630,조합,2012,2022,,,20091107,20120911,20220315,20140528,20091204,20100517,,20170808,20180212,20190430,20190829,20220323,20221014,,02-2680-6972,
광명시,준공,재건축,철산주공4단지,경기도 광명시 철산3동 452,35288.000,1985,15,470,,,470,,,798.00,475,323,,798,,443,327,28,,,,,,82%,285%,478,472,조합,2014,2021,,,20101125,20111031,20170616,20130808,20091118,20100402,,20160630,20170303,20180704,20180719,20210226,20210823,,02-2680-6972,
광명시,준공,재개발,철산두산위브아파트,경기도 광명시 철산동 50번지 일대,32650.000,1980,116,517,48,153,223,93,,900.00,531,369,,900,,356,364,180,,,,,,114%,292%,563,531,조합,2003,2007,,,,20000614,20070226,20010921,,,,20030506,20040116,20040902,20041013,20070329,20070627,,02-2680-6972,
광명시,착공,재건축,"철산주공10,11단지",경기도 광명시 철산2동 105,67738.000,1985,31,1080,430,650,,,,1490.00,1083,407,,1490,,,1421,69,,393,,,,85%,267%,1123,1110,조합,2011,2025,,,20101002,20110524,20230106,20131025,20091029,20100302,,20190613,20210126,20220916,20231019,,,,02-2680-6972,
광명시,추진위원회,재건축,철산주공12단지,경기도 광명시 nan,,,,1800,,,,,,,,,,2753,,,,,,,,,,,,,,,,,20250804,,,,,,,,,,,,,,,,,
광명시,정비구역,재건축,하안주공3·4단지,경기도 광명시 nan,,,,3556,,,,,,,,,,4119,,,,,,,,,,,,,,,,,,,,20250929,,,,,,,,,,,,,,
광명시,준공,재건축,광육재건축단지,경기도 광명시 광명6동 354-24,73577.000,1981,241,241,6,23,59,97,56,1267.00,812,343,112,1155,,142,566,263,184,112,,112,,160%,264%,1023,907,조합,2006,2015,,,,20060116,,20000329,20000620,20011215,,20060630,20061019,20081205,20111218,20150901,20160120,,02-2680-6972,
광명시,준공,재건축,광명5동(월드메르디앙아파트),경기도 광명시 광명동 776-49,19983.000,1981,35,273,273,,,,,577.00,264,313,,577,,126,451,,,,,,,167%,297%,273,264,조합,2004,2007,,,,20040614,,19960926,,,,20030626,,20040823,20040819,20070426,,,02-2680-6972,
광명시,준공,재건축,철산주공2단지아파트,경기도 광명시 철산동 373,58711.000,1980,24,1000,1000,,,,,1264.00,1027,237,,1264,,286,584,334,60,,,,,80%,254%,1004,1004,조합,2006,2009,,,,20050328,,20020630,20020604,20030421,,20050516,20051228,20070129,20091204,20100218,20110706,,02-2680-6972,
광명시,준공,재건축,철산주공3단지아파트,경기도 광명시 철산동 552,96200.000,1981,38,1900,1900,,,,,2072.00,1887,185,,2072,,513,1046,405,108,,,,,80%,249%,1900,1899,조합,2006,2009,,,,20050328,,20020827,20011128,20020222,,20050516,20051221,20061226,20091228,20091126,20110527,,02-2680-6972,
광명시,준공,재건축,하안주공본1단지아파트,경기도 광명시 하안동 764,132500.000,1982,57,2440,2440,,,,,2815.00,2387,428,,2815,,596,1492,674,53,,,,,80%,251%,2440,2382,조합,2006,2010,,,,20050328,,20020923,20011210,20020321,,20050516,20051228,20061128,20091008,20100114,20100525,,02-2680-6972,
광명시,준공,재건축,하안주공본2단지아파트,경기도 광명시 하안동 769,63744.000,1982,42,940,940,,,,,1248.00,948,300,,1248,,250,556,336,106,,,,,80%,245%,962,962,조합,2006,2009,,,,20050328,,20020827,20020221,20020530,,20050516,20051222,20061130,20090804,20091102,20100423,,02-2680-6972,
구리시,준공,재건축,수택1지구,경기도 구리시 수택동532번지일원,32535.000,1982,143,305,,,,305,,565.00,259,271,35,530,,215,315,,,35,,35,,75%,249.85%,291,259,조합,2004,2025,,,,20070730,20080721,20051104,,,20071227,20081224,20191001,20220121,20220215,20250429,20250529,,031-550-2492,
구리시,추진위원회,재건축,한성1차아파트,경기도 구리시 nan,,,,490,,,,,,,,,,,,,,,,,,,,,,,,,,,,,,,,,,,,,,,,,,,,
구리시,조합설립,재개발,수택동 재개발,경기도 구리시 수택동 454-9번지 일원,342780.000,1952~2020,1208,1783,,,,1783,,0.00,,,,,,,,,,,,,,100%,249.95%,4280,4264,조합,2021,2030,,,,20230714,,20230824,,,20240619,,,,,,,,031-550-8304,
구리시,착공,재개발,딸기원2지구,경기도 구리시 교문동 339일원,84370.000,1952/2009,184,477,,,,477,,1096.00,217,637,242,854,,322,526,6,,252,52,190,,43%,160%,300,203,조합,2013,2029,,,20100930,20130308,20190930,20071212,,,20160127,20200217,20230807,20250901,20250919,,,,031-550-2492,
구리시,준공,재건축,수택지구,경기도 구리시 수택동556번지 일원,20159.000,1982,68,257,,,,257,,410.00,196,166,48,362,,228,134,,,48,,48,,70%,249.74%,223,193,조합,2004,2021,,,20060414,20070730,20181015,20040216,,,20110908,20160204,20170427,20190401,20190403,20210630,20210916,,031-550-2411,
구리시,준공,재개발,인창주택,경기도 구리시 인창동320-2 일원,33793.000,1957~2004,135,375,,,,375,,632.00,261,339,32,600,78,306,216,,,32,32,,,100%,236.28%,302,237,조합,2005,2021,,,,20070528,20190104,20051114,,,20070810,20080211,20151103,20180405,20180418,20210917,20230213,,031-550-2492,
군포시,정비구역,재개발,군포2구역,경기도 군포시 군포시 당동 768번지 일원,92034.000,1978~2019,309,1955,87,1502,323,37,6,2017.00,,,,1837,,769,49,1019,,180,98,82,,,300%,1398,,미정,2025,2035,,,20250227,20250227,,,,,,,,,,,,,031-390-0589,
군포시,조합설립,재개발,금정4구역,경기도 군포시 군포시 금정동 754번지 일원,50028.000,1983~2021,146,839,12,551,206,46,24,940.00,,,92,848,,429,305,114,,92,72,20,,,300%,586,,,,,,,20240927,20240927,,,,,,,,,,,,,031-390-0516,
군포시,조합설립,재개발,GTX금정역 역세권1구역,경기도 군포시 군포시 산본동 75번지 일원,44027.000,1973~2022,194,951,10,37,19,19,212,981.00,,,83,898,7,605,286,,,83,47,36,,,300%,332,,,,,,,20241127,20241127,,,,,,,,,,,,,031-390-0967,
군포시,조합설립,재개발,금정2구역,경기도 군포시 군포시 금정동 762-11번지 일원,47512.000,1976~2022,150,670,20,186,275,103,86,1092.00,,,93,999,3,547,353,96,,93,51,42,,,300%,533,,지정개발자(신탁),2025,2032,,,20240927,20240927,,,,,,,,,,,,,031-390-0228,
군포시,조합설립,재개발,금정역세권1구역,경기도 군포시 군포시 금정동 727번지 일원,51418.000,1959~2024,142,812,52,320,401,35,4,1150.00,,,,,,,,,,,,,,,미정,504,,지정개발자(신탁),2025,3035,,,,20250227,,,,,,,,,,,,,031-390-0967,
군포시,조합설립,재개발,금정역 역세권,경기도 군포시 군포시 산본동 1028번지 일원,58139.000,1985~2018,150,1021,233,497,201,88,3,1293.00,,,98,1195,,84,1006,105,,98,66,32,,177%,332%,802,,지정개발자(신탁),2022,2030,,,20211230,20211230,,,,,,,,,,,,,031-390-0956,
군포시,조합설립,재개발,산본1동1지구,경기도 군포시 군포시 산본동 79-8번지 일원,84399.000,1967~2020,322,1661,151,910,155,73,372,2021.00,,,165,1856,159,938,759,,,165,94,71,,132%,300%,1132,,지정개발자(신탁),2022,2030,,,20211230,20211230,,,,,,,,,,,,,031-390-0914,
군포시,조합설립,재개발,금정역 산본1동2지구,경기도 군포시 군포시 산본동 227-7번지 일원,40207.000,1985~2016,131,560,,1,115,243,199,954.00,,,92,862,1,271,538,52,,92,53,39,,168%,343%,510,,지정개발자(신탁),2022,2030,,,20220908,20220908,,,,,,,,,,,,,031-390-0966,
군포시,조합설립,재개발,군포1구역,경기도 군포시 군포시 당동 731번지 일원,40602.000,1967~2022,171,674,72,432,148,16,6,932.00,,,88,844,,411,433,,,88,43,45,,,300%,416,,지정개발자(신탁),2024,2031,,,20231229,20231229,,,,,,,,,,,,,031-390-0967,
군포시,조합설립,재개발,군포3구역,경기도 군포시 군포시 당동 738번지 일원,25064.000,1983~2021,117,488,22,334,105,17,10,557.00,,,55,502,,311,164,27,,55,44,11,,,300%,260,,지정개발자(신탁),2024,2033,,,20231229,20231229,,,,,,,,,,,,,031-390-0967,
군포시,조합설립,재개발,금정3구역,경기도 군포시 군포시 금정동 766번지 일원,31194.000,1976~2022,124,564,112,321,106,17,8,700.00,,,67,633,37,313,283,,,67,52,15,,,300%,389,,지정개발자(신탁),2024,2033,,,20231229,20231229,,,,,,,,,,,,,031-390-0516,
군포시,관리처분,재개발,군포10구역,경기도 군포시 당동 781번지 일원,37721.000,1975~2004,102,610,300,200,100,10,,1031.00,395,584,52,979,8,284,683,3,1,52,35,17,,192%,617%,370,391,조합,2010,2028,,,20100430,20100920,20221130,20160307,,,,20221209,20240829,,,,,,031-390-0956,
군포시,준공,재건축,산본주공아파트,경기도 군포시 군포시 산본동 208외 5,128359.000,1985,80,1728,1728,,,,,2644.00,1726,644,274,2370,,257,1100,581,432,274,,274,,83%,270%,1763,1716,조합,2002,2010,,,,20060620,20080710,20031231,,20021230,,20060710,20070309,20071029,20091111,20100920,20101020,,031-390-0228,
김포시,준공,주거환경개선,양곡마을,경기도 김포시 양촌읍 양곡리 403-4,46583.000,,,,,,,,,,,,,,,,,,,,,,,,,,,,2018,,,,,20190731,,,,,,,,20201201,,20211229,,,031-980-5624,
김포시,준공,주거환경개선,서암,경기도 김포시 통진읍 서암리 758-22,18490.000,1984,51,126,,,126,,,,,,,,,,,,,,,,,200%,200%,47,,市,2014,2019,,,,20151114,,,,,,,,20160504,,20190619,,,031-980-5624,
남양주시,관리처분,재건축,평내1,경기도 남양주시 평내동 산84-11일원,60046.000,1985~1987,43,1260,232,486,542,,,1843.00,1104,694,45,1798,,1603,195,,,45,,45,,129.00%,290%,1299,1121,조합,2010,,20201224,,,20081023,20180809,20090304,20030530,20030613,,20100917,20120419,,,,,,031-590-4317,
남양주시,관리처분,재건축,금곡2,경기도 남양주시 금곡동 159-59 일원,19166.000,1986,9,413,66,62,167,77,41,576.00,576,,,576,,338,238,,,,,,,143.70%,296%,411,402,조합,2016,2022,20201224,20121231,20150910,20150910,20170330,20170508,,20150127,,20220121,20250227,,,,,,031-590-2386,
남양주시,관리처분,재개발,퇴계원2,경기도 남양주시 퇴계원읍 퇴계원리 109-8일원,19383.000,1984~2015,68,285,1,6,120,158,,255.00,,,21,255,12,159,84,,,21,,,,30.20%,250%,285,,,,,20201224,20231231,20210311,20210311,,,,,,20230309,20241023,,,,,,031-590-8753,
남양주시,정비구역,재개발,퇴계원7,경기도 남양주시 퇴계원읍 퇴계원리 329-69일원,10884.000,1988~1995,24,211,66,129,16,,,,,,,,,,,,,,,,,134.10%,250%,238,238,,,,20201224,20301231,20230427,20230427,,,,,,,,,,,,,031-590-4769,
남양주시,정비구역,재개발,퇴계원4,경기도 남양주시 퇴계원읍 퇴계원리 82-13일원,26593.000,1980~2014,75,166,,98,23,26,19,,,,,,,,,,,,,,,36.10%,250%,186,,,,,20201224,20251231,20231231,20231231,,,,,,,,,,,,,031-590-8281,
남양주시,추진위원회,재개발,퇴계원1,경기도 남양주시 퇴계원읍 퇴계원리 261-16일원,25152.000,1980~2000,78,468,,29,31,381,27,,,,,,,,,,,,,,,51.80%,250%,433,,,,,20201224,20251231,20230119,20230119,,,,,,,,,,,,,031-590-4769,
남양주시,추진위원회,재건축,금곡5,경기도 남양주시 금곡동 산108-1일원,10088.000,1986,3,270,,270,,,,351.00,351,,,351,,,351,,,,,,,148.00%,300%,248,,추진위,2010,,20201224,20301231,,,,,20030801,,,,,,,,,,031-590-8753,
남양주시,예정구역,재건축,오남1,경기도 남양주시 오남읍 오남리 683-5 일원,99413.000,1988~2004,48,2296,411,382,1038,370,95,,,,,,,,,,,,,,,146.80%,300%,2296,,,,,20201224,20231231,,,,,,20200110,,,,,,,,,031-590-4769,
남양주시,예정구역,재개발,퇴계원5,경기도 남양주시 퇴계원읍 퇴계원리 272일원,14045.000,1986~2010,41,263,2,24,93,143,1,,,,,,,,,,,,,,,66.20%,250%,,,,,,20201224,20251231,,,,,,,,,,,,,,,031-590-8753,
남양주시,예정구역,재개발,금곡7,경기도 남양주시 금곡동 158-7일원,15269.000,1981~2014,22,164,8,9,56,89,2,,,,,,,,,,,,,,,126.70%,250%,,,,,,20201224,20301231,,,,,,,,,,,,,,,031-590-8753,
남양주시,예정구역,재개발,금곡6,경기도 남양주시 금곡동 162-42일원,25372.000,1978~2004,45,560,94,255,168,37,6,,,,,,,,,,,,,,,112.50%,250%,,,,,,20201224,20301231,,,,,,,,,,,,,,,031-590-8753,
남양주시,예정구역,재개발,호평1,경기도 남양주시 호평동 184-1일원,19708.000,1972~2010,45,172,,56,25,6,85,,,,,,,,,,,,,,,50.80%,250%,,,,,,20201224,20301231,,,,,,,,,,,,,,,031-590-8753,
남양주시,예정구역,재개발,진접7,경기도 남양주시 진접읍 내각리 산31-7일원,10812.000,1986,7,228,,196,32,,,,,,,,,,,,,,,,,122.00%,250%,,,,,,20201224,20251231,,,,,,,,,,,,,,,031-590-8753,
남양주시,청산,재건축,지금2지구,경기도 남양주시 지금동 129-65 일원,61301.000,1960~1998,222,1470,290,266,557,340,17,1008.00,762,213,33,975,,209,498,268,,33,,33,,120.00%,245%,789,681,조합,2003,2015,,,,20060901,20160707,20030625,20030430,20030430,,20070322,20071231,20120724,20130514,20170630,20171101,,031-590-4317,
남양주시,청산,재건축,도농3개통,경기도 남양주시 도농동 294 일원,28211.000,1952~2003,118,212,40,34,80,53,5,457.00,178,258,21,436,,81,251,104,,21,,21,,83.10%,265%,199,178,조합,2003,2014,,,,20061026,,20031204,20061108,20061108,,20070723,20080103,20120508,20121022,20161208,20170803,,031-590-4317,
남양주시,준공,재건축,"남광,신우",경기도 남양주시 도농동 2-5 일원,23290.000,1979,9,177,22,24,75,41,15,317.00,176,107,34,283,,,283,,,34,,34,,96.00%,212%,162,162,조합,2000,2013,,,,20070702,,20000317,,19991115,,20091103,20100330,20110513,20130516,20131230,20140213,,031-590-4317,
남양주시,준공,재건축,"평내2 (양지,삼창아파트)",경기도 남양주시 평내동 103-2일원,39162.000,1986~1989,11,1005,408,597,,,,1108.00,820,255,33,1075,,802,273,,,33,,33,,188.00%,273%,1017,819,조합,2010,2022,20201224,20121231,20110113,20110120,20160728,20111229,20030530,20030619,,20161222,20170925,20190827,20190828,20220624,20230504,,031-590-2386,
동두천시,준공,재건축,생연동 주공생연아파트,경기도 동두천시 생연동 284번지 일원,19969.000,1985,9,300,,300,,,,576.00,256,320,,576,,115,461,,,,,,,87%,280%,301,232,조합,2014,,,,20111205,20130502,20160205,20090817,20101102,20110328,20130930,20200311,20201029,20220404,20220406,20241217,,,031-860-2402,
동두천시,정비구역,주거환경개선,중앙,경기도 동두천시 생연동 483번지 일원,45139.000,1961,265,295,295,,,,,,,,,,,,,,,,,,,500%,,179,,市,2007,,,,20070829,20080204,,,,,,,,,,,,,031-860-2356,
동두천시,사업시행,재건축,생연동 국민주택,경기도 동두천시 동두천시 생연동 704번지 일원,13039.000,1982,7,120,6,114,,,,258.00,120,138,,258,,80,178,,,,,,,52%,250%,117,115,조합,2014,,,,20050905,20070409,20210826,20210826,20030610,20030726,20190712,20221115,,,,,,,031-860-2402,
동두천시,준공,주거환경개선,싸리말,경기도 동두천시 보산동 314번지 일원,49551.000,1958~,165,185,185,,,,,,,,,,,,,,,,,,,200%,,106,,市,2007,2012,,,,20080114,,,,,,20100218,,20110518,,20121016,,,031-860-2356,
동두천시,준공,주거환경개선,안흥,경기도 동두천시 안흥동 38번지 일원,75352.000,1955,154,225,225,,,,,,,,,,,,,,,,,,,250%,,218,,市,2007,2015,,,,20080114,20130418,,,,,20130531,,20140721,,20151102,,,031-860-2356,
동두천시,준공,주거환경개선,생연1-1,경기도 동두천시 생연동 515-5번지 일원,46425.000,1960,194,408,408,,,,,,,,,,,,,,,,,,,250%,,296,,市,2007,2016,,,,20120316,,,,,,20130315,,20150420,,20161021,,,031-860-2356,
부천시,예정구역,재건축,괴안 3-2(역곡조공2차아파트),경기도 부천시 괴안동 33,27634.000,1985,16,320,,,320,,,,,,,,,,,,,,,,,,219%,,,,2019,2030,20171211,20191231,,,,,20230317,20240320,,,,,,,,,032-625-3762,
부천시,예정구역,재건축,괴안 3-1(역곡조공1차아파트),경기도 부천시 괴안동 36,14774.000,1984,5,224,,,224,,,,,,,,,,,,,,,,,,230%,,,,2018,2030,20171211,20181231,,,,,20180306,20240228,,,,,,,,,032-625-3761,
부천시,예정구역,재건축,심곡본 3-1(부천롯데아파트),경기도 부천시 심곡본동 615-1,22225.000,1984,5,463,,,463,,,,,,,,,,,,,,,,,,228%,,,,2018,2030,20171211,20181231,,,,,20240604,,,,,,,,,,032-625-3761,
부천시,예정구역,재건축,심곡본 3-2(부천극동아파트),경기도 부천시 심곡본동 566-1,29174.000,1988,6,495,,,495,,,,,,,,,,,,,,,,,,219%,,,,2018,2030,20171211,20181231,,,,,20210520,,,,,,,,,,032-625-3763,
부천시,예정구역,재건축,소사본 3-2(부천한신아파트),경기도 부천시 소사본동 277-12,40377.000,1984,9,916,,,916,,,,,,,,,,,,,,,,,,230%,,,,2018,2030,20171211,20181231,,,,,20230316,20240319,,,,,,,,,032-625-3761,
부천시,예정구역,재건축,송내 3-1(송내동신아파트),경기도 부천시 송내동 441-8,17767.000,1985,5,380,,,380,,,,,,,,,,,,,,,,,,224%,,,,2019,2030,20171211,20191231,,,,,20230321,,,,,,,,,,032-625-3761,
부천시,예정구역,재건축,"고강 3-1(고강1,2차 아파트)",경기도 부천시 고강동 246-5,19064.000,"1984, 1986",9,338,,,338,,,,,,,,,,,,,,,,,,230%,,,,2019,2030,20171211,20191231,,,,,,,,,,,,,,,032-625-3762,
부천시,예정구역,재건축,원종 3-3(동진아파트),경기도 부천시 원종동 180-3,12177.000,1987,3,250,,,250,,,,,,,,,,,,,,,,,,230%,,,,2020,2030,20171211,20201231,,,,,20230605,,,,,,,,,,032-625-3761,
부천시,예정구역,재건축,소사본 3-1(성지아파트),경기도 부천시 소사본동 91-68,9435.000,1988,3,264,,,264,,,,,,,,,,,,,,,,,,280%,,,,2020,2030,20171211,20201231,,,,,,,,,,,,,,,032-625-3761,
부천시,예정구역,재건축,약대 3-1(약대현대아파트),경기도 부천시 약대동 169-6,15363.000,1988,7,290,,,290,,,,,,,,,,,,,,,,,,230%,,,,2020,2030,20171211,20201231,,,,,20241125,,,,,,,,,,032-625-3763,
부천시,예정구역,재건축,송내 3-2(현대아파트),경기도 부천시 송내동 450-1,22373.000,1988,6,717,,,717,,,,,,,,,,,,,,,,,,230%,,,,2020,2030,20171211,20201231,,,,,20230417,,,,,,,,,,032-625-3761,
부천시,예정구역,재건축,원종 3-1(원종주공아파트),경기도 부천시 원종동 129-19,25419.000,1988,13,490,,,490,,,,,,,,,,,,,,,,,,230%,,,,2020,2030,20171211,20201231,,,,,20230316,20241217,,,,,,,,,032-625-3763,
부천시,예정구역,재건축,괴안3-4(염광아파트),경기도 부천시 괴안동 164-6,16698.000,1989,3,382,,,382,,,,,,,,,,,,,,,,,,230%,,,,2021,2030,20171211,20211231,,,,,20240207,20240228,,,,,,,,,032-625-3762,
부천시,예정구역,재건축,고강 3-2(미도아파트),경기도 부천시 고강동 327-7,14690.000,1989,6,340,,,340,,,,,,,,,,,,,,,,,,230%,,,,2021,2030,20171211,20211231,,,,,,,,,,,,,,,032-625-3762,
부천시,예정구역,재건축,괴안 3-5(삼익세라믹아파트),경기도 부천시 괴안동 204-16,35064.000,1989,10,781,,,781,,,,,,,,,,,,,,,,,,230%,,,,2021,2030,20171211,20211231,,,,,20241018,,,,,,,,,,032-625-3762,
부천시,예정구역,재건축,원종 3-2(동문1차아파트),경기도 부천시 원종동 70-1,17591.000,1990,6,280,,,280,,,,,,,,,,,,,,,,,,230%,,,,2022,2030,20171211,20221231,,,,,20220427,20240320,,,,,,,,,032-625-3761,
부천시,예정구역,재건축,괴안 3-3(삼익3차 아파트),경기도 부천시 괴안동 204-1,35434.000,1992,11,682,,,682,,,,,,,,,,,,,,,,,,230%,,,,2023,2030,20171211,20231231,,,,,20230601,20240715,,,,,,,,,032-625-3762,
부천시,정비구역,재건축,괴안 3-6(괴안대진아파트),경기도 부천시 괴안동 171-6,14203.000,1987,6,290,,,290,,,,,,,,,,,,,,,,,,230%,,,,2018,2030,20171211,20181231,,,,,20210226,20220315,,,,,,,,,032-625-3762,
부천시,정비구역,재건축,괴안 3-7(거산아파트),경기도 부천시 괴안동 171-8,13418.000,1992,7,260,,,260,,,,,,,,,,,,,,,,,,230%,,,,2023,2030,20171211,20231231,,,,,20230302,20240715,,,,,,,,,032-625-3761,
부천시,정비구역,재개발,심곡3-1,경기도 부천시 심곡동 194,4413.000,1967,1,99,,,99,,,334.00,334,,,334,,,,,,,,,,103%,993%,80,,,2020,2030,20171211,20191125,,,,,,,,,,,,,,,032-625-3751,
부천시,추진위원회,재개발,심곡본동 제1,경기도 부천시 심곡본동 804,19658.000,평균 1989,81,155,21,50,11,3,70,412.00,155,224,33,379,15,123,241,,,33,33,,,113%,253%,152,,미정,,,,20241202,,,,,,,,,,,,,,,032-625-3753,
부천시,추진위원회,재건축,역곡1-2,경기도 부천시 역곡동 75-3,16940.000,1983,17,315,,275,40,,,441.00,441,,,441,,,,,,,,,,129%,250%,399,,추진위,2006,,20060918,20061231,,,,,,20110512,,,,,,,,,032-625-3761,
부천시,사업시행,재건축,성곡2-1,경기도 부천시 원종동 352,17396.000,1983,8,296,6,290,,,,413.00,413,,,413,,,,,,,,,,200%,230%,296,296,조합,,,20140225,20150101,,,,20230824,20030403,20151213,,,,,,,,,032-625-3761,
부천시,사업시행,재개발,도당1-1,경기도 부천시 도당동 266-4,137023.000,평균1983,559,2567,,1367,700,500,,2394.00,2202,,192,2202,,707,1257,233,5,192,66,126,,109%,270%,1121,885,조합,2006,,20060918,20061231,,20250224,,20100719,,,,,,,,,,,032-625-3752,
부천시,사업시행,재개발,소사1-1,경기도 부천시 소사동 8-5,25881.000,평균1983,122,551,,241,247,63,,748.00,298,390,60,688,58,439,191,,,60,60,,,100~200%,317%,306,287,조합,2006,,20060918,,,20180219,,20140630,,,,,,,,,,,032-625-3753,
부천시,관리처분,재개발,소사3,경기도 부천시 소사동 48-21,76072.000,평균 1982,547,1555,,1555,,,,1649.00,532,985,132,1517,,595,922,,,132,132,,,100~200%,288%,529,529,조합,2011,2026,20030328,20061231,,20240520,,20200806,,,,,20220615,,,,,,032-625-3752,
부천시,관리처분,재개발,소사본1-1,경기도 부천시 소사본동 88-39,45408.000,평균 1983,285,603,,603,,,,1728.00,498,1086,144,1584,,,1584,,,144,144,,,100~200%,762%,498,406,조합,2011,2030,20060918,20061231,,20240902,,20220427,,,,,20240205,,,,,,032-625-3751,
부천시,착공,재개발,괴안3D,경기도 부천시 괴안동 201,38324.000,평균 1982,227,590,,590,,,,759.00,477,197,85,674,,538,136,,,85,46,39,,100~200%,274%,431,431,조합,2009,2028,20090501,,,20181029,,20181107,,,,,20191111,20241218,,,,,032-625-3753,
부천시,착공,재건축,송내1-1,경기도 부천시 송내동 338,42612.000,1984,36,885,66,349,469,1,,1045.00,812,233,,1045,,828,210,7,,225,,,,135%,268%,822,807,조합,2006,,20060918,20081231,,20180903,,20200706,,20111219,,,20211110,20240119,,,,,032-625-3763,
부천시,준공,재개발,계수.범박,경기도 부천시 계수동 1-6,296082.000,1990,743,1077,58,750,269,,,3724.00,968,2567,189,3535,51,1719,1765,,,189,189,,,100~200%,239%,1167,921,조합,2006,2023,20060918,20061231,,20230428,,20170131,,,,,20180502,20180827,20180828,20240115,20240304,,032-625-3751,
부천시,준공,재개발,약대1,경기도 부천시 약대동 216,42275.000,1950,77,195,195,,,,,620.00,110,404,106,514,,80,312,122,,106,54,52,,24%,250%,110,110,조합,2005,2012,20030328,,,20100531,,20070402,,,,,20071231,20081031,20081103,20111026,20120709,,032-625-3753,
부천시,준공,재건축,괴안1-6,경기도 부천시 괴안동 203-2,42952.000,1984,17,770,,326,384,60,,921.00,694,227,,921,,557,364,,,,,,,124%,250%,761,694,조합,2006,2020,20060918,,,20160620,,20140922,,20030809,,,20161209,20170803,20180124,20200422,20200727,,032-625-3761,
부천시,준공,재건축,심곡본1-1,경기도 부천시 심곡본동 801,15356.000,1985,6,220,,118,102,,,354.00,212,142,,354,,171,183,,,,,,,91%,248%,221,212,조합,2006,2020,20060918,,,,,20150320,,20100412,,,20151022,20160622,20160624,20180920,20181224,,032-625-3761,
부천시,준공,재건축,약대주공,경기도 부천시 약대동 181,101986.000,1985,40,1040,,1040,,,,1613.00,1040,423,150,1463,,207,713,250,293,150,,150,,85%,250%,1040,1031,조합,2003,2015,,,,,,20070910,20030925,20040216,,,20080125,20100318,20111007,20170731,20171127,,032-625-3761,
부천시,준공,재건축,삼경아파트,경기도 부천시 원종동 144,20108.000,1984,9,363,,363,,,,403.00,341,54,8,395,,84,187,124,,8,,3,5,154%,215%,363,363,조합,2003,2010,,,,,,20071023,20030604,20030922,,,20080716,20081125,20101121,20101130,20110201,,032-625-3761,
부천시,준공,재건축,동원아파트,경기도 부천시 송내동 463-3,20736.000,1985,7,323,,323,,,,371.00,351,,20,351,,,351,,,20,20,,,103%,202%,323,323,조합,2006,2008,,,,,,20050517,20020619,20021119,,,20051226,20060427,20080327,20080717,20081010,,032-625-3761,
부천시,준공,재건축,중동주공,"경기도 부천시 중동 884외3 (현, 1288,1289)",159919.000,1982,60,2560,,2560,,,,3090.00,2817,,273,2817,,,2817,,,273,273,,,71%,244%,2560,2183,조합,2004,2008,,,,,,20040715,,19990501,,,20050512,20051125,20080418,20081212,20090727,,032-625-3761,
부천시,준공,재건축,백동단지,경기도 부천시 소사본동 157-1 외 99,13517.000,1983,2,99,,99,,,,226.00,196,,30,196,,,196,,,30,30,,,73%,200%,99,76,조합,2006,2009,,,,,,20060609,20040226,20040614,,,20060922,20080201,20100408,20120529,20121008,,032-625-3761,
부천시,청산,재개발,송내1-2,경기도 부천시 송내동 427-32,40431.000,1990,165,671,,,297,361,13,831.00,268,496,67,764,,407,354,3,,67,67,,,100~200%,263%,310,268,조합,2006,2021,20060918,,,20180716,,20100308,,,,,20160509,20181127,20181128,20210827,20211017,,032-625-3753,
부천시,청산,재개발,약대2,경기도 부천시 약대동 204,71669.000,1935,167,520,520,,,,,1373.00,208,955,210,1163,,,156,768,239,210,,126,84,95%,250%,208,208,조합,2005,2012,20030328,,,,,20070402,,,,,20071231,20081031,20081103,20111026,20120416,,032-625-3753,
부천시,청산,재개발,중동1-1,경기도 부천시 중동 780,16143.000,1990,85,114,,,114,,,339.00,71,240,28,311,,103,208,,,28,11,17,,100~200%,280%,113,71,조합,2006,2020,20060918,,,20160523,,20101101,,,,,20151230,20170330,20170405,20191127,20200224,,032-625-3753,
성남시,정비구역,재개발,태평3,경기도 성남시 수정구 태평동 4580,124989.000,1980~2000,1241,3646,3646,,,,,2778.00,2310,,468,2310,,,,,,468,,,,100~200%,265%,1340,,LH,2023,2032,20190527,20221231,20230220,20230220,,,,,,,,,,,,,031-729-4422,
성남시,예정구역,재건축,삼익상대원아파트,경기도 성남시 중원구 상대원동 152-3,6067.000,1991,2,264,264,,,,,,,,,,,,,,,,,,,,250%,264,,,,,20190527,20221231,,,,,20240919,20250404,,,,,,,,,031-729-4163,
성남시,준공,주거환경개선,단대동,경기도 성남시 산성대로 383번길 14(단대동 177),49265.000,1990,120,746,746,,,,,,,,,,,,,,,,,,,210%,,513,,市,2015,2018,20150622,,20150622,20150622,,,,,20170123,,,20161227,,20181224,,,031-729-4902,
성남시,청산,재건축,삼남아파트,경기도 성남시 중원구 중앙동 578,20124.000,1985,7,235,,,235,,,356.00,181,175,,356,,,356,,,,,,,112%,233%,234,182,조합,2007,2012,,,,20060116,20100122,,,,20070625,,20080229,20090313,,20120927,20120813,,031-729-4163,
성남시,준공,재건축,신흥(신흥주공+통보8차),경기도 성남시 수정구 신흥동 6951,181292.000,1986,27,2406,,,1008,1398,,4089.00,2384,1705,,4089,,564,3425,100,,,,,,134%,249%,2353,2353,조합,2011,2020,20120130,,20111230,20111230,20111230,20120409,,20030627,20150724,,20160816,20170818,20170824,20200730,20201130,,031-729-4443,
성남시,준공,재건축,금광3,경기도 성남시 중원구 금광동 2600,21709.000,1985,95,638,,,638,,,711.00,438,273,,711,104,561,46,,,,,,,150%,265%,454,438,조합,2013,2021,20120130,20111231,20130927,20130927,20150803,20131219,,,20160608,,20161229,20180807,20180815,20210217,20210524,,031-729-4163,
성남시,준공,재개발,금광1,경기도 성남시 중원구 금광동 34,233192.000,1970,1950,7499,4649,1725,750,225,150,5320.00,2073,2339,908,4412,,2409,2003,,,908,311,597,,150%,264%,2015,,LH,2008,2023,20061130,,,20081126,20221011,,,,20091204,,20161107,20190610,20190521,20230630,20231030,,031-729-4433,
성남시,준공,재개발,중1,경기도 성남시 중원구 중앙동 2979,108062.000,1965,1131,3715,2304,854,372,111,74,2411.00,984,1015,412,1999,,976,1023,,,412,140,272,,150%,260%,998,,LH,2008,2023,20061130,,,20081126,20220905,,,,20091204,,20161107,20190822,20190521,20220920,20230522,,031-729-4433,
성남시,준공,재개발,신흥2,경기도 성남시 수정구 신흥동 1132,210291.000,1971,1772,6488,4022,1492,649,195,130,4774.00,2225,1737,812,3962,,1944,2018,,,812,452,360,,150%,263%,2022,,LH,2008,2023,20061130,,,20081126,20190902,,,,20091204,,20170626,20200508,20200811,20241030,,,031-729-4424,
성남시,착공,재개발,도환중1,경기도 성남시 중원구 중앙동 912,67234.000,1985,624,1345,848,316,121,36,24,1972.00,653,1319,,1972,,1176,144,652,0,,,,,300%,400%,671,591,조합,2006,2023,20061130,20081231,20090729,20100831,20180910,20110112,,,20190325,,20210204,20240115,20240913,,,,031-729-4432,
성남시,착공,재개발,산성,경기도 성남시 수정구 산성동 1336,152821.000,1986,1516,4499,2789,1035,450,135,90,3487.00,1842,1224,421,3066,,1727,1200,139,,421,421,,,100~200%,265%,2079,1658,조합,2014,2027,20061130,20111231,20131216,20140411,20240701,20141103,,,20190415,,20200907,20240424,20240621,,,,031-729-4423,
성남시,조합설립,재개발,도환중2,경기도 성남시 중원구 중앙동 196,39346.000,1986,268,713,443,164,71,21,14,1123.00,1123,,,1123,,455,668,,,,,,,100~300%,800%,372,,조합,2006,2030,20061130,20111231,20140619,20151111,,20160629,,,,,,,,,,,031-729-4434,
성남시,관리처분,재개발,상대원2,경기도 성남시 중원구 상대원동 3910,242045.000,1986,2092,6075,3768,1397,606,182,122,5090.00,2388,2082,620,4470,371,2051,1624,424,,620,410,210,,100~200%,265%,2319,2270,조합,2014,2028,20061130,20111231,20131104,20140224,20190805,20140613,,,20200113,,20211231,,,,,,031-729-4433,
성남시,관리처분,재건축,성지?궁전아파트,경기도 성남시 중원구 상대원동 195-5,26584.000,1987,15,709,,,709,,,836.00,711,125,,836,,728,108,,,,,,,131%,275%,699,682,조합,2015,,20120130,20151231,20140128,20150309,20150309,20170126,20060823,20130705,20230515,,20241230,,,,,,031-729-4162,
성남시,사업시행,재건축,은행주공아파트,경기도 성남시 중원구 은행동 550,151813.000,1987,74,2111,,2111,,,,3198.00,2101,1097,,3198,191,895,1986,126,,,,,,114%,250%,2111,2198,조합,2017,,20120130,20151231,20160225,20170811,20210610,20171101,20060904,20160126,20220729,,,,,,,,031-729-4162,
성남시,사업시행,재개발,수진1,경기도 성남시 수정구 수진동 963,261831.000,1980~2000,2377,6544,6544,,,,,4844.00,3962,,882,3962,444,965,2045,508,,882,539,343,,100~200%,265%,2647,,LH,2020,2030,20190527,20201231,20201231,20201231,20231226,,,,,20241227,,,,,,,031-729-4422,
성남시,정비구역,재개발,상대원3,경기도 성남시 중원구 상대원동 2780,427629.000,1980~2000,2573,10486,10486,,,,,8792.00,7267,,1525,7267,,,,,,1525,,,,100~200%,250%,4750,,,2024,2034,20190527,20221231,20241227,20241227,,,,,,,,,,,,,031-729-4432,
성남시,예정구역,재건축,은행동현대아파트,경기도 성남시 중원구 은행동 1932-6,59829.000,1995,14,1258,,,,,,,,,,,,,,,,,,,,,250%,1258,,,,,20240819,,,,,,20241127,,,,,,,,,,031-729-4162,
성남시,예정구역,재건축,미도아파트,경기도 성남시 수정구 단대동 182,10913.000,1982,3,280,280,,,,,,,,,,,,,,,,,,,203%,250%,286,,,,,20061130,20201231,,,,,20231027,20240902,,,,,,,,,031-729-4442,
성남시,예정구역,재건축,선경상대원2차아파트,경기도 성남시 중원구 상대원동 279-1,83823.000,1994,19,2510,2510,,,,,,,,,,,,,,,,,,,,250%,2510,,,,,20190527,20281231,,,,,,,,,,,,,,,031-729-4162,
성남시,예정구역,재건축,청구아파트,경기도 성남시 수정구 신흥동 2464-1,17942.000,1994,3,493,493,,,,,,,,,,,,,,,,,,,,250%,493,,,,,20190527,20281231,,,,,,,,,,,,,,,031-729-4442,
성남시,예정구역,재건축,일성아파트,경기도 성남시 중원구 상대원동 178-6,8024.000,1993,1,270,270,,,,,,,,,,,,,,,,,,,,250%,270,,,,,20190527,20261231,,,,,,,,,,,,,,,031-729-4162,
성남시,예정구역,재건축,시영(황송마을)아파트,경기도 성남시 중원구 금광동 2450-1,34220.000,1993,11,990,990,,,,,,,,,,,,,,,,,,,,250%,990,,,,,20190527,20261231,,,,,20250218,,,,,,,,,,031-729-4162,
성남시,예정구역,재건축,두산아파트,경기도 성남시 수정구 신흥동 2024,21590.000,1993,6,570,570,,,,,,,,,,,,,,,,,,,,250%,570,,,,,20190527,20261231,,,,,,,,,,,,,,,031-729-4443,
성남시,예정구역,재건축,성남동현대아파트,경기도 성남시 중원구 성남동 3120,9741.000,1992,2,375,375,,,,,,,,,,,,,,,,,,,,250%,375,,,,,20190527,20241231,,,,,20230922,20240902,,,,,,,,,031-729-4442,
성남시,예정구역,재건축,삼익금광아파트,경기도 성남시 중원구 금광동 3950,12251.000,1991,4,498,498,,,,,,,,,,,,,,,,,,,,250%,498,,,,,20190527,20221231,,,,,20220630,,,,,,,,,,031-729-4162,
성남시,예정구역,재건축,한신아파트,경기도 성남시 수정구 신흥동 2463-1,22374.000,1990,5,585,585,,,,,,,,,,,,,,,,,,,,250%,585,,,,,20190527,20201231,,,,,20231020,,,,,,,,,,031-729-4443,
성남시,예정구역,재건축,선경논골아파트,경기도 성남시 수정구 단대동 6,8533.000,1991,3,426,426,,,,,,,,,,,,,,,,,,,,250%,426,,,,,20190527,20221231,,,,,,,,,,,,,,,031-729-4443,
성남시,준공,주거환경개선,은행2지구,경기도 성남시 은행2동 1342,183209.000,1980~2000,1082,7669,,,7669,,,,,,,,,,,,,,,,,350~400%,210%,2973,,市+LH,2006,2015,20061130,,,20071029,20151130,,,,20090615,,,20120719,,20151130,,,031-729-4902,
성남시,정비구역,재개발,신흥1,경기도 성남시 수정구 신흥동 4900,196693.000,1980~2000,1985,5709,5709,,,,,4148.00,,,710,3438,,,,,,710,,,,100~200%,265%,2220,,LH,2020,2030,20190527,20201231,20201231,20201231,,,,,,,,,,,,,031-729-4424,
성남시,준공,주거환경개선,태평2,경기도 성남시 수정구 남문로 69번길 11,46786.000,1980~2000,421,1219,,,1219,,,,,,,,,,,,,,,,,210%,,479,,市,2014,2021,20170329,20170327,20170327,20170327,20211220,,,,20200217,,,20200323,,20211227,,,031-729-4902,
성남시,준공,주거환경개선,태평4,경기도 성남시 수정구 남문로 135번길 11,48852.000,1980~2000,499,499,,,499,,,,,,,,,,,,,,,,,210%,,523,,市,2014,2021,20170329,20170329,20170329,20170329,20211122,,,,20200217,,,20200327,,20211129,,,031-729-4902,
성남시,준공,주거환경개선,수진2,경기도 성남시 수정구 수정로88번길 18,35214.000,1980~2000,330,905,,,905,,,,,,,,,,,,,,,,,210%,,330,,市,2015,2021,20170327,20170327,20170327,20170327,20211122,,,,20191230,,,20191220,,20211129,,,031-729-4902,
성남시,준공,재개발,단대,경기도 성남시 수정구 단대동 108-6,75063.000,1985,516,1897,1176,436,190,57,38,1228.00,1015,,213,1015,,297,479,239,,213,127,86,,140%,225%,680,,LH,2002,2023,20061130,,,20051107,20110704,,,,20070921,,20080609,20090728,20111118,20131129,20160502,,031-729-4424,
성남시,준공,재개발,중3,경기도 성남시 중원구 중동 1500,40239.000,1970,282,898,556,207,90,27,18,672.00,323,222,127,545,,187,288,70,,127,62,65,,150%,239%,330,,LH,2003,2023,20061130,,,20060106,20110704,,,,20070313,,20080229,20090808,20111028,20131231,20160502,,031-729-4433,
성남시,준공,재건축,건우아파트,경기도 성남시 수정구 태평동 7346,17915.000,1987,7,470,,320,150,,,503.00,307,196,,503,,,420,83,,,,,,156%,249%,305,305,조합,2010,2018,20061130,20101231,20090801,20100428,20130422,20120419,,20021230,20120517,,20150903,20160511,20160603,20181012,20190128,,031-729-4442,
성남시,준공,재건축,삼창아파트,경기도 성남시 중원구 중앙동 3748-1,41139.000,1985,3,544,,,544,,,751.00,441,310,,751,,,751,,,,,,,114%,244%,547,443,조합,2007,2012,,,,20060116,20101022,,,,20070807,,20080331,20090820,,20121214,20140707,,031-729-4163,
성남시,준공,주거환경개선,산성2지구,경기도 성남시 산성동 513,29560.000,1970~2000,221,712,,,712,,,,,,,,,,,,,,,,,290%,210%,238,,市,2004,2008,,,,20030630,20060628,,,,20040629,,,20040601,,20080421,,,031-729-4902,
성남시,정비구역,재개발,신흥3,경기도 성남시 수정구 신흥동 2890,153218.000,1980~2000,1398,4625,4625,,,,,3395.00,2760,,635,2760,,,,,,635,,,,100~200%,265%,1630,,LH,2023,2033,20190527,20221231,20230220,20230220,,,,,,,,,,,,,031-729-4423,
수원시,준공,재건축,매탄주공2단지아파트,경기도 수원시 영통구 원천동 63,190493.000,1982,70,2820,,2820,,,,3391.00,2836,555,,3391,,687,1748,956,,,,,,87%,249%,2918,2595,조합,2002,2008,,,,20041224,,,,20010115,20041231,,20050426,20050516,20050603,20080509,20100727,,031-5191-3414,
수원시,준공,재개발,115-1,경기도 수원시 영통구 원천동 62,11501.000,1978~2005,59,145,7,44,72,15,7,198.00,45,153,,198,,54,144,,,,,,,200%,220%,79,79,조합,2006,2014,20060914,20090313,20090313,20090313,20111104,20061108,,,20101125,,20111026,20120627,20120628,20140627,20140929,,031-5191-3483,
수원시,준공,주거환경개선,115-2구역,경기도 수원시 영통구 원천동 61,361976.000,1900~1980,1397,5822,2304,2664,714,110,30,4871.00,2675,797,1399,3472,,652,2820,,,1399,500,614,285,250%,187%,3534,,LH,2006,2021,20060914,,,20061226,20080923,,,,20081127,,,20190117,20190312,20230703,,,031-5191-3499,
수원시,준공,재건축,111-5구역,경기도 수원시 영통구 원천동 60,53074.000,1983,100,941,,941,,,,1130.00,741,389,,1130,,676,454,,,,,,,220%,249%,765,710,조합,2006,,20060914,20081231,20110908,20120127,20200217,20070104,,20100528,20180523,,20190307,20200512,20200618,20231214,20240328,,031-5191-3414,
수원시,준공,재개발,111-4,경기도 수원시 영통구 원천동 59,35739.000,1972~2005,135,406,20,122,203,41,20,666.00,144,475,47,619,67,152,400,,,47,47,,,200%,228%,259,138,조합,2006,2022,20060914,20090120,20090120,20090120,20190822,20061121,,,20150723,,20170321,20191122,20200409,20220527,20230215,,031-5191-2417,
수원시,준공,재개발,115-6,경기도 수원시 영통구 원천동 58,139295.000,1978~2005,584,1672,84,505,841,158,84,2586.00,854,1550,182,2404,52,904,1420,28,,182,114,68,,200%,224%,1075,760,조합,2006,2023,20060914,20090525,20090525,20090525,20181107,20070108,,,20151231,,20170802,20191212,20191213,20230210,20230525,,031-5191-3637,
수원시,준공,재개발,115-8,경기도 수원시 영통구 원천동 57,223011.000,1978~2005,855,2830,142,849,1414,283,142,3603.00,1687,1795,121,3482,,1308,1996,178,,121,121,,,200%,222%,1877,1495,조합,2006,2022,20060914,20100726,20100726,20100726,20190813,20080708,,,20160629,,20170825,20191230,20200218,20230412,20230907,,031-5191-3483,
수원시,준공,주거환경개선,113-7구역(평동지구),경기도 수원시 영통구 원천동 56,153215.000,1900~1980,363,916,916,,,,,,,,,,,,,,,,,,,250%,,423,,市,2019,2022,20060914,20100726,,20061211,20210528,,,,,,,,,20220918,,,031-5191-3499,
수원시,준공,재개발,115-9,경기도 수원시 영통구 원천동 55,171786.000,1978~2005,696,2061,103,618,1031,206,103,3432.00,1026,2165,241,3191,343,1142,1619,87,,241,241,,,200%,245%,1328,957,조합,2006,2023,20060914,20090710,20090710,20090710,20190911,20061121,,,20151211,,20170323,20200618,20200619,20241014,20241219,,031-5191-3483,
수원시,준공,재개발,113-12,경기도 수원시 영통구 원천동 54,44759.000,1978~2005,101,518,26,155,259,52,26,930.00,150,713,67,863,4,396,463,,,67,67,,,200%,229%,167,126,조합,2006,2022,20060914,20090520,20090520,20090520,20170501,20061215,,,20171205,,20181017,20191212,20200309,20250513,20250828,,031-5191-3637,
수원시,착공,재개발,111-1,경기도 수원시 영통구 원천동 53,138401.000,1950~2005,441,1660,70,422,703,141,70,2607.00,815,1608,184,2423,,1323,992,108,,184,184,,,200%,230%,930,744,조합,2006,2024,20060914,20090421,20090421,20090421,20190822,20061108,,,20150519,,20180410,20210226,20210226,,,,031-5191-2417,
수원시,착공,재개발,113-6,경기도 수원시 영통구 원천동 52,126336.000,1978~2005,494,1819,69,413,689,138,69,2178.00,791,1231,156,2022,,619,1319,84,0,156,156,,,200%,229%,983,709,조합,2006,,20060914,20090112,20090112,20090112,20160825,20070122,,,20120618,,20180608,20231206,20231213,,,,031-5191-2417,
수원시,착공,재개발,115-10,경기도 수원시 영통구 원천동 51,83207.000,1984~2005,369,1018,51,305,509,102,51,1154.00,502,593,59,1095,,193,762,109,31,59,59,,,200%,195%,574,337,조합,2006,,20060914,20100531,20100531,20100601,20190104,20061228,,,20170309,,20180620,20230127,20230202,,,,031-5191-3637,
수원시,관리처분,재개발,111-3,경기도 수원시 영통구 원천동 50,28863.000,1942-2006,108,395,18,107,176,36,18,556.00,219,275,62,494,,327,167,,,62,62,,,200%,200%,217,185,조합,2006,,20060914,20090703,20090703,20090703,20111005,20061108,,,20210325,,20230509,,,,,,031-5191-3483,
수원시,관리처분,재개발,115-3,경기도 수원시 영통구 원천동 49,63233.000,1978~2005,231,980,29,120,177,96,121,1171.00,636,451,84,1087,,602,455,30,,84,36,48,,200%,223%,580,541,조합,2006,,20060914,20090313,20090313,20090313,20170830,20061108,,,20110908,,20230602,,,,,,031-5191-3637,
수원시,관리처분,재건축,115-12구역,경기도 수원시 영통구 원천동 48,44549.000,1983,12,1185,,423,546,216,,1305.00,1008,297,,1305,,1077,228,,,,,,,184%,250%,1165,1004,조합,2006,2025,20060914,20090421,20120521,20121019,,20091215,,20110531,20200807,,20230802,,,,,,031-5191-3397,
수원시,관리처분,재건축,"영통 2구역(매탄주공 4,5단지)",경기도 수원시 영통구 원천동 47,222842.000,1985,65,2440,,1164,132,1008,136,4002.00,2434,1568,,3642,,150,2561,908,23,,,,,"73%, 127%",260%,2420,2376,조합,2016,2025,20120926,20090112,20151231,20151216,,20161031,20130215,20130802,20210503,,20220729,,,,,,031-5191-3414,
수원시,관리처분,재개발,영통1구역,경기도 수원시 영통구 원천동 46,52200.000,1980~2011,157,907,45,272,454,91,45,976.00,573,311,92,884,2,581,245,56,,92,65,27,,200%,238%,519,513,조합,2012,,20120926,20170109,20170109,20170109,20220121,20170629,,,20230907,,20250321,,,,,,031-5191-2417,
수원시,관리처분,재건축,권선 1구역(동남아파트),경기도 수원시 영통구 원천동 45,18331.000,1987,8,380,,,380,,,440.00,440,,,440,,301,139,,,,,,,130%,230%,380,381,조합,2016,2026,20120926,20090703,20180531,20180531,20210527,20180827,,20160905,20230324,,20250313,,,,,,031-5191-3414,
수원시,관리처분,재건축,팔달 1구역(현대아파트),경기도 수원시 영통구 원천동 44,58773.000,1985,43,563,,,,423,140,1195.00,1195,,,1195,,634,392,169,,,,,,124%,250%,469,459,조합,2016,2026,20120926,20090710,20151216,20151216,20200302,20160317,20130215,20130802,20210621,,20250425,,,,,,031-5191-3414,
수원시,사업시행,재건축,권선 2구역(성일아파트),경기도 수원시 영통구 원천동 43,16524.000,1987,7,370,,370,,,,430.00,430,,,430,,278,152,,,,,,,138%,230%,370,374,조합,2016,2026,20120926,20100531,20180531,20180531,20210630,20190214,,20160905,20230811,,,,,,,,031-5191-3397,
수원시,조합설립,재건축,구운1(삼환아파트),경기도 수원시 영통구 원천동 42,67751.000,1991,15,1687,,307,1260,120,,,,,,,,,,,,,,,,228%,270%,1710,1412,조합,2023,,20220616,20231215,20231215,20231215,,20240425,,20211223,20241122,,,,,,,,031-5191-3414,
수원시,예정구역,재개발,팔달2매산(성매매집결지),경기도 수원시 영통구 원천동 41,22662.000,,,93,,,,,,,,,,,,,,,,,,,,,500%,51,,,,,20170504,20181231,,,,,,,,,,,,,,,031-5191-3499,
수원시,예정구역,재건축,세류1(미영아파트),경기도 수원시 영통구 원천동 40,28654.000,1989,11,600,,208,320,72,,,,,,,,,,,,,,,,123%,,,,,2026,,20190304,20261231,,,,,,,,,,,,,,,031-5191-3397,
수원시,예정구역,재건축,망포1(청와아파트),경기도 수원시 영통구 원천동 39,15305.000,1988,21,353,,273,80,,,,,,,,,,,,,,,,,126%,,,,,2024,,20190304,20241231,,,,,,20240530,,,,,,,,,031-5191-3414,
수원시,예정구역,재건축,"우만1(우만주공1,2단지)",경기도 수원시 영통구 원천동 38,82433.000,1988,25,1484,,500,864,120,,,,,,,,,,,,,,,,123%,,,,,2023,,20190304,20241231,,,,,,20230802,,,,,,,,,031-5191-3397,
수원시,예정구역,재건축,원천1(아주아파트),경기도 수원시 영통구 원천동 37,10494.000,1983,9,230,,134,60,36,,,,,,,,,,,,,,,,172%,,,,,2024,,20190304,20241231,,,,,,20200703,,,,,,,,,031-5191-3397,
수원시,예정구역,재건축,파장1(삼익아파트),경기도 수원시 영통구 원천동 36,10737.000,1978,3,220,,22,132,66,,,,,,,,,,,,,,,,170%,,,,,2023,,20190304,20241231,,,,,,20230904,,,,,,,,,031-5191-3414,
수원시,예정구역,재건축,영통 3구역(원천 주공),경기도 수원시 영통구 원천동 35,48248.000,1987,8,1320,,810,390,120,,,,,,,,,,,,,,,,172%,250%,1320,,,2023,,20120926,20241231,,,,,,20230802,,,,,,,,,031-5191-3397,
수원시,청산,재건축,천천주공,경기도 수원시 영통구 원천동 74,134582.000,1986,64,1990,123,575,941,228,123,2571.00,1973,388,210,2361,,515,820,814,212,210,,,210,80%,245%,2030,1984,조합,2003,2009,,,,20050328,,,,20030314,20050404,,20051215,20060327,20060714,20090108,20090115,,031-5191-3414,
수원시,청산,재건축,권선주공 2단지아파트,경기도 수원시 영통구 원천동 73,61894.000,1985,34,758,21,219,421,76,21,1018.00,727,188,103,915,,370,210,170,165,103,103,,,90%,229%,728,728,조합,2003,2009,,,,20050404,,,,20030407,20050426,,20051216,20061116,20061206,20090323,20090403,,031-5191-3414,
수원시,청산,재건축,화서주공 2단지아파트,경기도 수원시 영통구 원천동 72,84660.000,1978,36,1630,120,482,715,193,120,1690.00,1545,18,127,1563,,,267,1148,148,127,,,127,110%,243%,1392,1392,조합,2001,2009,,,,20050328,,,,20001219,20050406,,20051223,20060626,20061201,20091217,20100318,,031-5191-3414,
수원시,청산,재건축,송림아파트,경기도 수원시 영통구 원천동 71,24784.000,1982,11,350,17,106,175,35,17,481.00,343,138,,481,,,109,284,88,,,,,140%,229%,355,355,조합,1999,2009,,,,20041108,,,,19991130,20041222,,20050507,20050513,20050526,20090724,20090825,,031-5191-3414,
수원시,청산,재건축,권선주공 1.3차아파트,경기도 수원시 영통구 원천동 70,96058.000,1983,73,1166,81,335,539,132,79,1754.00,1149,411,194,1560,,174,708,378,300,194,194,,,160%,240%,1015,1015,조합,2003,2011,,,,20050110,,,,20030523,20050318,,20051226,20071031,,20110921,20111213,,031-5191-3414,
수원시,준공,주거환경개선,행궁지구,경기도 수원시 영통구 원천동 69,137475.000,1923~2010,553,1680,1680,,,,,,,,,,,,,,,,,,,200%,,195,,市,2014,2016,20140523,,,20140523,,,,,,,,20140514,,20151231,,,031-228-3398,
수원시,준공,주거환경개선,매산지구,경기도 수원시 영통구 원천동 68,94896.000,1955~2013,678,1247,1247,,,,,,,,,,,,,,,,,,,200%,,678,,市,2015,2019,20150109,20141231,20141118,20150109,,,,,,,,20160811,,20191231,,,031-228-3398,
수원시,준공,주거환경개선,113-4구역(세류지구),경기도 수원시 영통구 원천동 67,230283.000,1900~1980,911,2787,1112,1297,327,45,6,2682.00,2097,,585,2097,,451,1484,162,,585,401,184,,250%,200%,1372,,LH,2006,2014,20060914,,,20061211,,,,,20071106,,,20121231,20140409,20150806,,,031-228-3499,
수원시,준공,재건축,우람아파트,경기도 수원시 영통구 원천동 66,37641.000,1981,22,696,8,207,409,64,8,807.00,670,83,54,753,,,112,496,145,54,54,,,80%,247%,711,711,조합,2003,2009,,,,20050509,,,,20001204,20050517,,20051227,20060630,20081023,20090522,20090528,,031-5191-3414,
수원시,준공,재건축,향원아파트,경기도 수원시 영통구 원천동 65,23239.000,1979,10,590,222,116,185,45,22,431.00,287,114,30,401,,,86,219,96,30,,30,,60%,249%,339,339,조합,1997,2009,,,,20050512,,,,19960130,20050517,,20051226,20061205,20061214,20090924,20091016,,031-5191-3414,
수원시,준공,재건축,인계주공아파트,경기도 수원시 영통구 원천동 64,66971.000,1984,28,830,51,241,396,91,51,1351.00,828,391,132,1219,,154,543,522,,132,,132,,70%,249%,846,846,조합,2003,2009,,,,20050502,,,,20030324,20050509,,20051226,20061109,20061116,20090826,20100219,,031-5191-3414,
시흥시,준공,재개발,대야동,경기도 시흥시 대야동 303일대,77864.000,1900~2003,110,673,673,,,,,1382.00,379,933,70,1312,105,572,635,,,70,51,19,,100~200%,238%,545,375,조합,2006,,,,,20090522,20151012,20090914,,,,20151008,20160218,20161229,20171208,20210722,20220331,,031-310-3736,
시흥시,준공,주거환경개선,복음자리,경기도 시흥시 신천동 33일대,14193.000,1979~2003,234,234,234,,,,,313.00,250,,63,250,,250,,,,63,63,,,50~100%,215%,245,,LH,2005,2010,,,,20051010,,,,,,20051231,,20080717,20080830,20100705,,,031-310-3755,
시흥시,예정구역,재건축,대야동 삼보,경기도 시흥시 대야동 275,19932.000,1980~2020,9,335,335,,,,,0.00,,,,,,,,,,,,,,280%,300%,335,,,,,20201216,20251231,,,,,,20211123,,,,,,,,,031-310-3737,
시흥시,예정구역,재개발,신천동 동진,경기도 시흥시 신천동 858,21056.000,1980~2020,32,474,474,,,,,0.00,,,,,,,,,,,,,,280%,300%,1232,,,,,20201216,20291231,,,,,,,,,,,,,,,031-310-3736,
시흥시,예정구역,재개발,은행2,경기도 시흥시 은행동 276-10,44333.000,1980~2020,64,783,783,,,,,0.00,,,,,,,,,,,,,,230%,250%,2036,,,,,20201216,20291231,,,,,,,,,,,,,,,031-310-3755,
시흥시,예정구역,재개발,포동1,경기도 시흥시 포동 2,82134.000,1980~2020,95,1275,1275,,,,,0.00,,,,,,,,,,,,,,280%,300%,3307,,,,,20201216,20250531,,,,,,,,,,,,,,,031-310-3737,
시흥시,예정구역,재개발,목감1,경기도 시흥시 조남동 171-4,63370.000,1980~2020,57,1534,1534,,,,,0.00,,,,,,,,,,,,,,280%,300%,3988,,,,,20201216,20240319,,,,,,,,,,,,,,,031-310-3736,
시흥시,정비구역,재개발,은행동 산호,경기도 시흥시 은행동 243-1,14621.000,1980~2020,23,370,301,65,,1,3,0.00,,,,,,,,,,,,,,230%,250%,382,,,,,20201216,20240630,20241226,20241226,,,,,,,,,,,,,031-310-3755,
시흥시,조합설립,재개발,은행1,경기도 시흥시 은행동 251-6,23563.000,1980~2020,69,401,401,,,,,0.00,,,,,,,,,,,,,,230%,250%,396,396,조합,,,20201216,20221231,20220428,20220428,20250710,20230216,,,,,,,,,,,031-310-3755,
시흥시,조합설립,재개발,목감2,경기도 시흥시 목감동 242-9,38522.000,1980~2020,43,800,800,,,,,0.00,,,,,,,,,,,,,,280%,300%,792,789,조합,,,20201216,20221231,20220530,20220530,20250123,20230307,,,,,,,,,,,031-310-3736,
시흥시,사업시행,재건축,거모3,경기도 시흥시 거모동 1474-1,19681.000,1989~1991,10,492,,410,82,,,642.00,,,,642,,407,200,,,,,,,130%,294%,511,504,조합,2013,,20150504,20171001,20171226,20171226,20240523,20210209,,20130710,,20221230,,,,,,,031-310-3755,
시흥시,착공,재건축,대야3,경기도 시흥시 대야동 284,34858.000,1985~1986,19,1025,,1025,,,,1026.00,997,29,,1026,,954,64,8,,,,,,180%,299%,1025,996,조합,2013,,20150504,20161231,20161230,20161230,20171110,20180403,,20130725,,20200929,20211105,20230810,,,,,031-310-3737,
안산시,예정구역,재건축,성포예술인,경기도 안산시 성포동 예술인아파트,71800.000,1985,13,1485,,3,1482,,,,,,,,,,,,,,,,,226%,,,,,,,20060915,20231231,,,,,20171127,20231226,,,,,,,,,031-481-2909,
안산시,예정구역,재건축,월피연립1,경기도 안산시 상록구 월피동 443,15866.000,1990~1992,16,292,60,224,8,,,,,,,,,,,,,,,,,114%,,,,,,,20230201,20221231,,,,,20230216,20231226,,,,,,,,,031-481-2386,
안산시,예정구역,재건축,와동연립1,경기도 안산시 단원구 와동 830-1,20914.000,1990~1992,20,344,,226,118,,,,,,,,,,,,,,,,,110%,,,,,,,20230201,20231231,,,,,20230906,,,,,,,,,,031-369-1714,
안산시,예정구역,재건축,와동연립2,경기도 안산시 단원구 와동 723-2,28401.000,1990~1992,29,503,,295,208,,,,,,,,,,,,,,,,,122%,,,,,,,20230201,20231231,,,,,20230908,,,,,,,,,,031-369-1714,
안산시,예정구역,재건축,와동연립3,경기도 안산시 단원구 와동 829,13732.000,1989~1993,11,255,,215,40,,,,,,,,,,,,,,,,,126%,,,,,,,20230201,20231231,,,,,20230911,20240702,,,,,,,,,031-481-2386,
안산시,예정구역,재건축,성포연립1,경기도 안산시 상록구 성포동 585-2,26616.000,1992~1994,16,339,,64,232,24,19,,,,,,,,,,,,,,,117%,,,,,,,20230201,20241231,,,,,20240122,20240702,,,,,,,,,031-481-2386,
안산시,예정구역,재건축,와동연립4,경기도 안산시 단원구 와동 851-1,11833.000,1991~1995,13,226,24,202,,,,,,,,,,,,,,,,,,113%,,,,,,,20230201,20251231,,,,,,,,,,,,,,,031-481-2386,
안산시,예정구역,재건축,"군자주공11,12",경기도 안산시 단원구 선부동 1078,115364.000,1990~1991,35,2810,1820,990,,,,,,,,,,,,,,,,,,126%,,,,,,,20230201,20261231,,,,,,,,,,,,,,,031-481-2386,
안산시,예정구역,재건축,선경성포,경기도 안산시 상록구 성포동 592,86460.000,1990,21,1768,,80,1254,330,104,,,,,,,,,,,,,,,217%,,,,,,,20230201,20261231,,,,,,,,,,,,,,,031-481-2386,
안산시,예정구역,재건축,현대2월피,경기도 안산시 상록구 월피동 448,43480.000,1989~1990,18,770,,,590,180,,,,,,,,,,,,,,,,171%,,,,,,,20230201,20261231,,,,,,,,,,,,,,,031-481-2386,
안산시,예정구역,재건축,우성,경기도 안산시 상록구 본오동 872-20,49265.000,1990,15,1080,,390,600,90,,,,,,,,,,,,,,,,191%,,,,,,,20230201,20261231,,,,,,,,,,,,,,,031-481-2386,
안산시,예정구역,재건축,한양상록수,경기도 안산시 상록구 본오동 880,94171.000,1990,35,2222,180,780,990,136,136,,,,,,,,,,,,,,,208%,,,,,,,20230201,20261231,,,,,,,,,,,,,,,031-481-2386,
안산시,예정구역,재건축,한양수정,경기도 안산시 단원구 선부동 1086,118871.000,1991~1992,38,1870,,530,992,142,206,,,,,,,,,,,,,,,167%,,,,,,,20230201,20271231,,,,,,,,,,,,,,,031-481-2386,
안산시,예정구역,재건축,한양공작,경기도 안산시 단원구 선부동 1085,97743.000,1992,34,2040,180,600,966,128,166,,,,,,,,,,,,,,,187%,,,,,,,20230201,20271231,,,,,,,,,,,,,,,031-481-2386,
안산시,예정구역,재건축,한양월피,경기도 안산시 상록구 월피동 447,55461.000,1990,23,1362,4,240,1006,112,,,,,,,,,,,,,,,,196%,,,,,,,20230201,20271231,,,,,,,,,,,,,,,031-481-2386,
안산시,예정구역,재건축,태영,경기도 안산시 상록구 본오동 879-15,35328.000,1991,11,672,,,552,60,60,,,,,,,,,,,,,,,183%,,,,,,,20230201,20271231,,,,,,,,,,,,,,,031-481-2386,
안산시,예정구역,재건축,월드상록수,경기도 안산시 상록구 사동 1346,57160.000,1993~1994,14,626,,50,330,90,156,,,,,,,,,,,,,,,146%,,,,,,,20230201,20271231,,,,,,,,,,,,,,,031-481-2386,
안산시,예정구역,재건축,군자주공15,경기도 안산시 단원구 선부동 1080,56533.000,1992~1993,15,1210,250,960,,,,,,,,,,,,,,,,,,119%,,,,,,,20230201,20281231,,,,,,,,,,,,,,,031-481-2386,
안산시,예정구역,재건축,월피주공1,경기도 안산시 상록구 월피동 444,38281.000,1993,14,860,190,670,,,,,,,,,,,,,,,,,,127%,,,,,,,20230201,20281231,,,,,,,,,,,,,,,031-481-2386,
안산시,예정구역,재건축,"본오1,2차",경기도 안산시 상록구 사동 1505,40208.000,1992~1994,10,1585,500,1085,,,,,,,,,,,,,,,,,,230%,,,,,,,20230201,20281231,,,,,,,,,,,,,,,031-481-2386,
안산시,예정구역,재건축,상록수요진,경기도 안산시 상록구 사동 1345-1,49027.000,1994,15,598,,30,276,144,148,,,,,,,,,,,,,,,158%,,,,,,,20230201,20281231,,,,,,,,,,,,,,,031-481-2386,
안산시,예정구역,재건축,선경상록,경기도 안산시 상록구 사동 1345,41461.000,1994,12,550,,40,284,140,86,,,,,,,,,,,,,,,159%,,,,,,,20230201,20281231,,,,,,,,,,,,,,,031-481-2386,
안산시,예정구역,재건축,한양산호,경기도 안산시 단원구 선부동 1081,31423.000,1993,9,1086,312,774,,,,,,,,,,,,,,,,,,199%,,,,,,,20230201,20291231,,,,,,,,,,,,,,,031-481-2386,
안산시,예정구역,재건축,성포주공11,경기도 안산시 상록구 성포동 591,93108.000,1994~1995,33,1975,,1975,,,,,,,,,,,,,,,,,,150%,,,,,,,20230201,20291231,,,,,,,,,,,,,,,031-481-2386,
안산시,예정구역,재건축,신우아파트,경기도 안산시 상록구 사동 1344-1,39856.000,1994,11,502,,30,248,140,84,,,,,,,,,,,,,,,148%,,,,,,,20230201,20291231,,,,,,,,,,,,,,,031-481-2386,
안산시,예정구역,재건축,예누림아파트,경기도 안산시 상록구 사동 1344,49827.000,1994,14,576,,40,268,180,88,,,,,,,,,,,,,,,149%,,,,,,,20230201,20291231,,,,,,,,,,,,,,,031-481-2386,
안산시,예정구역,재건축,현대1차상록수,경기도 안산시 상록구 사동 1345-2,38105.000,1994,11,478,,30,240,126,82,,,,,,,,,,,,,,,149%,,,,,,,20230201,20291231,,,,,,,,,,,,,,,031-481-2386,
안산시,예정구역,재건축,주공4단지,경기도 안산시 성포동 588,46900.000,1986,8,780,,,780,,,,,,,,,,,,,,,,,181%,,,,,,,20130425,20231231,,,,,20210513,20231226,,,,,,,,,031-481-2909,
안산시,예정구역,재건축,주공10단지,경기도 안산시 성포동 584,73400.000,1987,15,1380,,,1380,,,,,,,,,,,,,,,,,172%,,,,,,,20130425,20231231,,,,,20230706,,,,,,,,,,031-369-1714,
안산시,예정구역,재건축,주공7단지,경기도 안산시 고잔동 670,53500.000,1987,11,1020,,240,780,,,,,,,,,,,,,,,,,168%,,,,,,,20130425,20231231,,,,,20230627,,,,,,,,,,031-369-1714,
안산시,예정구역,재건축,주공8단지,경기도 안산시 고잔동 671,53600.000,1987,10,1020,,300,720,,,,,,,,,,,,,,,,,178%,,,,,,,20130425,20231231,,,,,20230628,,,,,,,,,,031-369-1714,
안산시,예정구역,재건축,주공9단지,경기도 안산시 고잔동 672,68400.000,1986,12,1320,,240,1080,,,,,,,,,,,,,,,,,177%,,,,,,,20130425,20231231,,,,,20250110,,,,,,,,,,031-369-1714,
안산시,준공,재건축,초지연립상단지,경기도 안산시 단원구 초지동 605,55879.000,1981~2002,54,832,,598,234,,,1238.00,838,400,,1238,,830,408,,,,,,,102%,250%,801,790,조합,2003,2016,20060915,,,20160407,,20140715,20050930,20060308,,,20151014,20161018,20161020,20190620,20200311,,031-481-2388,
안산시,준공,재건축,고잔연립1단지,경기도 안산시 단원구 고잔동 586,44269.000,1985~1988,50,723,33,582,108,,,1005.00,730,224,51,954,,557,397,,,51,,51,,105%,250%,739,707,조합,2010,2015,20100802,,,20160105,,20141121,20101119,20110325,,,20150623,20160225,20160226,20181030,20190501,,031-481-2388,
안산시,준공,재건축,중앙주공2단지,경기도 안산시 단원구 고잔동 538,56702.000,1984,22,450,,,450,,,990.00,450,540,,990,,,658,332,,,,,,63%,259%,457,457,조합,2003,2017,20060915,,,20130521,,20130724,20040429,20050502,,,20140924,20150731,20150804,20180427,,,031-481-2398,
안산시,준공,재건축,동명아파트,경기도 안산시 단원구 선부동 1082,30380.000,1989,19,600,,600,,,,766.00,766,,,766,,382,384,,,,,,,125%,249%,829,829,조합,2000,2010,,,,,,20051007,,20000613,,,20080204,20080821,,20101228,20110321,,031-481-2388,
안산시,준공,재건축,군자주공4단지,경기도 안산시 단원구 초지동 604,34394.000,1982,19,766,,766,,,,695.00,567,128,,695,,98,502,95,,,,,,86%,245%,565,563,조합,2003,2014,20060915,,,20120723,,20090225,20031205,20040910,,,20110311,20130115,20150710,20150710,20160920,,031-481-2398,
안산시,청산,재건축,건건동1,경기도 안산시 건건동 606,15437.000,1943~2001,54,267,190,73,3,1,,390.00,248,142,,390,,335,55,,,,,,,125%,215%,249,243,조합,2003,2016,20060915,,,20180314,,20140415,20040213,,,,20161226,20171215,20171220,20200612,20210224,,031-481-2388,
안산시,청산,재건축,원곡연립3단지,경기도 안산시 단원구 원곡동 848,57626.000,1980~1993,48,792,66,514,212,,,1244.00,773,471,,1244,,976,268,,,,,,,111%,250%,912,805,조합,2003,2016,20060915,,,20160316,,20140707,20050930,20060308,,,20150925,20160922,20161020,20190620,20200311,,031-481-2398,
안산시,청산,재건축,군자주공8단지,경기도 안산시 단원구 선부동 959,17856.000,1985,9,272,,272,,,,414.00,272,142,,414,,231,183,,,,,,,75%,255%,274,267,조합,2003,2015,20060915,,,20131025,,20140729,20040519,20050502,,,20151005,20160620,20160629,20181028,20190501,,031-481-2398,
안산시,청산,재건축,성포주공3단지,경기도 안산시 상록구 성포동 587,56229.000,1985,23,700,,700,,,,1129.00,709,420,,1129,,123,973,33,,,,,,81%,259%,710,693,조합,2003,2015,20060915,,,20131016,,20131129,20040506,20050526,,,20150331,20151028,20151029,20180921,20200325,,031-481-2388,
안산시,청산,재건축,중앙주공1단지,경기도 안산시 단원구 고잔동 532,50719.000,1983,25,500,,,500,,,1152.00,506,646,,1152,,545,573,34,,,,,,86%,267%,510,503,조합,2002,2017,20060915,,,20141224,,20130916,,20031217,,,20141008,20151127,20151202,20181114,20190213,,031-481-2388,
안산시,청산,재건축,군자주공5단지,경기도 안산시 단원구 초지동 603-1,22924.000,1983,11,400,200,200,,,,469.00,394,75,,469,,62,403,4,,,,,,88%,240%,386,386,조합,2003,2015,20060915,,,20110822,,20110823,20040511,20050502,,,20120607,20151028,20151030,20180530,20181219,,031-481-2398,
안산시,조합설립,재건축,현대1차아파트,경기도 안산시 성포동 592-2,22046.000,1989,10,570,420,150,,,,,,,,,,,,,,,,,,124%,,603,502,조합,,,20171213,20221231,,,,,20201125,20230127,,,,,,,,,031-481-2398,
안산시,조합설립,재건축,고잔연립3,경기도 안산시 고잔동 665-1,47418.000,1989~1992,43,768,,653,115,,,,,,,,,,,,,,,,,124%,250%,771,699,조합,,,20130425,20170425,,,,,20170510,20170818,,,,,,,,,031-481-2388,
안산시,조합설립,재건축,군자주공9,경기도 안산시 선부동 967,29529.000,1989,11,540,350,190,,,,,,,,,,,,,,,,,,100%,,539,,대신자산신탁,,,20171213,20221231,,,,,20201118,20230127,,,,,,,,,031-481-2398,
안산시,착공,재건축,주공5단지2,경기도 안산시 고잔동 674,42750.000,1986,21,538,,348,190,,,1051.00,540,511,,1051,,611,403,37,,,,,,77%,279%,530,527,조합,2013,,20130425,20130425,,,,20200909,20131118,20140220,,,20220330,20231108,20231207,,,,031-481-2388,
안산시,조합설립,재건축,주공6단지,경기도 안산시 고잔동 676-2,41191.000,1986,17,590,284,306,,,,,,,,,,,,,,,,,,87%,260%,572,,"㈜한국토지신탁, ㈜무궁화신탁",2013,,20130425,20130425,,,,,20131118,20140220,,,,,,,,,031-481-2388,
안산시,조합설립,재건축,팔곡일동1,경기도 안산시 팔곡일동 264-5,22865.000,1956~2004,68,299,,299,,,,,,,,,,,,,,,,,,119%,260%,230,,조합,2009,,20060915,,,,,,,,,,,,,,,,031-481-2398,
안산시,조합설립,재건축,고잔연립2,경기도 안산시 고잔동 576,55807.000,1986~2004,45,898,288,513,49,,48,,,,,,,,,,,,,,,119%,240%,856,,조합,,,20130425,,,,,,20150306,20150618,,,,,,,,,031-481-2398,
안산시,준공,재건축,초지연립1단지,경기도 안산시 단원구 초지동 590,68934.000,1983~1996,61,1026,54,761,211,,,1548.00,1031,517,,1548,,1132,416,,,,,,,117%,250%,1039,984,조합,2003,2016,20060915,,,20140523,,20140708,20050930,20060308,,,20151002,20161014,20161020,20190620,20200311,,031-481-2388,
안산시,조합설립,재건축,선부연립1,경기도 안산시 선부동 963,46909.000,1988~1990,41,735,54,579,102,,,,,,,,,,,,,,,,,118%,240%,735,721,조합,,,20130425,20170425,,,,,20170518,20170818,,,,,,,,,031-481-2388,
안산시,조합설립,재건축,고잔연립7,경기도 안산시 고잔동 613-1,27627.000,1990,24,415,20,321,74,,,,,,,,,,,,,,,,,119%,240%,454,429,조합,,,20130425,20170425,,20231219,,,20170515,20170818,,,,,,,,,031-481-2388,
안산시,추진위원회,재건축,고잔연립4,경기도 안산시 고잔동 661-3,75147.000,1989~1991,60,1129,,797,332,,,,,,,,,,,,,,,,,116%,,1164,,,,,20130425,20221231,,,,20241231,20191212,20230127,,,,,,,,,031-481-2386,
안산시,추진위원회,재건축,군자주공10,경기도 안산시 선부동 1083,46306.000,1989,19,790,480,310,,,,,,,,,,,,,,,,,,100%,,802,,,,,20171213,20221231,,20241218,,,20201119,20230127,,,,,,,,,031-369-1714,
안산시,추진위원회,재건축,월드아파트,경기도 안산시 본오동 872,49554.000,1989,28,1070,420,590,60,,,,,,,,,,,,,,,,,128%,,1278,,,,,20171213,20221231,,20241218,,,20201126,20230127,,,,,,,,,031-481-2386,
안산시,조합설립,재건축,고잔연립5,경기도 안산시 고잔동 610,69795.000,1989~1994,59,1072,,732,340,,,,,,,,,,,,,,,,,122%,,1096,896,조합,,,20130425,20221231,,,,,20191213,20230127,,,,,,,,,031-481-2388,
안산시,조합설립,재건축,고잔연립6,경기도 안산시 고잔동 612,26508.000,1990~1992,22,411,,227,184,,,,,,,,,,,,,,,,,139%,,422,345,조합,,,20130425,20221231,,,,20241231,20191213,20230127,20250819,,,,,,,,031-481-2398,
안산시,착공,재건축,인정프린스아파트,경기도 안산시 상록구 건건동 894-10,26019.000,1990,12,540,,400,140,,,725.00,485,207,33,692,,407,285,,,33,,33,,160%,299%,540,471,조합,2003,,20060915,,,20221130,,20180705,20040524,20050526,,,20200708,20211103,20211104,,,,031-481-2398,
안산시,착공,재건축,고잔연립9,경기도 안산시 고잔동 648-1,20753.000,1990,15,299,,,287,4,8,472.00,294,178,,472,,244,228,,,,,,,168%,230%,299,296,조합,2013,,20130425,20130425,,,,20200429,20131118,20140220,,,20210608,20231128,20240229,,,,031-481-2388,
안산시,관리처분,재건축,주공5단지1,경기도 안산시 고잔동 675,35748.000,1986,16,570,204,366,,,,897.00,565,332,,897,,489,374,34,,,,,,80%,275%,562,562,조합,2013,,20130425,20130425,,,,20210901,20131118,20140220,,,20250219,,,,,,031-481-2388,
안산시,준공,재건축,군자주공6단지,경기도 안산시 단원구 선부동 953,93027.000,1984,36,1080,200,490,390,,,2017.00,1091,926,,2017,,318,1637,62,,,,,,76%,259%,1084,1077,조합,2003,2014,20060915,,,20150305,,20081231,20040518,20050502,,,20160517,20170213,20170223,20200130,20200520,,031-481-2398,
안산시,준공,재건축,군자주공7단지,경기도 안산시 단원구 선부동 961,28781.000,1985,13,480,270,210,,,,719.00,477,242,,719,,424,295,,,,,,,77%,264%,480,472,조합,2003,2015,20060915,,,20161014,,20151027,20040513,20050502,,,20161013,20180124,20180329,20200925,20210331,,031-481-2398,
안산시,준공,재건축,원곡연립2단지,경기도 안산시 단원구 원곡동 838,64810.000,1981~1995,61,1123,,1123,,,,1450.00,996,425,29,1421,,997,424,,,29,,29,,127%,250%,1123,1110,조합,2003,,20060915,,,20180313,,20150924,20050930,20060308,,,20170417,20181101,20191128,20210723,20220720,,031-481-2398,
안산시,준공,재건축,원곡연립1단지,경기도 안산시 단원구 원곡동 829,76640.000,1981~1995,76,1126,,1126,,,,1714.00,1109,605,,1714,,1352,362,,,,,,,105%,230%,1126,1101,조합,2003,,20060915,,,20160927,,20170501,20050930,20060308,,,20171228,20200318,20200324,20230228,20240329,,031-481-2388,
안산시,준공,재건축,선부동3,경기도 안산시 단원구 선부동 1007,48063.000,1988~2004,152,1165,,1165,,,,1021.00,105,869,47,974,,587,387,,,47,,47,,146%,250%,148,54,조합,2008,,20060915,,,20140627,,20150423,,,,,20180504,20210203,20210217,20240102,20240612,,031-481-2398,
안산시,준공,재건축,고잔연립8,경기도 안산시 고잔동 631-1,17750.000,1989~1991,17,297,66,149,73,9,,449.00,291,158,,449,,377,72,,,,,,,112%,252%,297,284,조합,2013,,20130425,20130425,,,,20190228,20131118,20140220,,,20200311,20210331,20210428,20231129,20240412,,031-481-2388,
안산시,준공,재건축,선부동2,경기도 안산시 단원구 선부동 998,16151.000,1987∼2006,57,350,,350,,,,377.00,91,275,11,366,,262,104,,,11,,11,,164%,250%,81,56,조합,2008,,20060915,,,20140627,,20141231,,,,,20181102,20210715,20211014,20240513,20241224,,031-481-2398,
안산시,준공,재건축,산호연립,경기도 안산시 상록구 건건동 894-14,7215.000,1993,6,123,,123,,,,133.00,108,25,,133,,46,87,,,,,,,104%,230%,124,124,조합,2003,,20060915,,,20190827,,20200527,20031223,20061123,,,20210811,20221111,,20241108,20250423,,031-481-2398,
안성시,예정구역,재건축,아양주공 1단지 아파트,경기도 안성시 아양동 300번지 일원,39793.000,1991,,,,,,,,,,,,,,,,,,,,,,110%,,,,,,,,,,,,,20230803,,,,,,,,,,031-678-3026,
안성시,예정구역,재건축,금산주공 아파트,경기도 안성시 금산동 100번지 일원,22764.000,1987,,,,,,,,,,,,,,,,,,,,,,83%,250%,381,,,,,,,,,,,20220215,20230609,,,,,,,,,031-678-3026,
안성시,예정구역,재건축,옥산주공 아파트,경기도 안성시 옥산동 10번지 일원,23601.000,1988,11,,,440,,,,,,,,,,,,,,,,,,96%,250%,417,,,,,,,,,,,20211215,20230619,,,,,,,,,031-678-3026,
안양시,준공,재건축,호계주공아파트주변,경기도 안양시 동안구 호계1동 977,53382.000,1984,32,900,260,640,,,,1174.00,797,341,36,1138,,417,688,33,,36,,36,,92%,274%,900,789,조합,2009,2019,20060807,,,20190522,,20141107,20080425,20081117,,,20151026,20160708,20160713,20190328,20190910,,031-8045-5065,
안양시,예정구역,재개발,안양8동행정복지센터 주변,경기도 안양시 안양8동 564-5,54197.000,,,,,,,,,,,,,,,,,,,,,,,,,,,,,,20250530,,,,,,,,,,,,,,,,031-8045-2366,
안양시,예정구역,재개발,우주타운 주변,경기도 안양시 석수2동 323-7,36913.000,,,,,,,,,,,,,,,,,,,,,,,,,,,,,,20250530,,,,,,,,,,,,,,,,,
안양시,예정구역,재개발,삼봉,경기도 안양시 박달2동 605-15,19810.000,,,,,,,,,,,,,,,,,,,,,,,,,,,,,,20250530,,,,,,,,,,,,,,,,,
안양시,예정구역,재건축,극동아파트,경기도 안양시 박달동 139-202,14021.000,1991,4,320,,,,,,,,,,,,,,,,,,,,231%,,,,,,,20250530,,,,,,,,,,,,,,,,031-8045-2399,
안양시,추진위원회,재개발,만안초등학교 주변,경기도 안양시 안양2동 857-17,45993.000,,,,,,,,,,,,,,,,,,,,,,,,,,,,,,20250530,,,,,20250829,,,,,,,,,,,031-8045-2407,
안양시,추진위원회,재개발,만안도서관 주변,경기도 안양시 안양6동 540-16,32839.000,,,,,,,,,,,,,,,,,,,,,,,,,,,,,,20250530,,,,,20250807,,,,,,,,,,,031-8045-2407,
안양시,추진위원회,재개발,인덕원중학교(A블럭),경기도 안양시 관양동 1485-18,34947.000,,,,,,,,,,,,,,,,,,,,,,,,,,,,,,20250530,,,,,,,,,,,,,,,,031-8045-5642,
안양시,예정구역,재개발,인덕원중학교(B블럭),경기도 안양시 관양동 1491-59,59896.000,,,,,,,,,,,,,,,,,,,,,,,,,,,,,,20250530,,,,,,,,,,,,,,,,031-8045-5642,
안양시,예정구역,재건축,정우오승아파트,경기도 안양시 안양동 9111-1,15878.000,1985,9,471,,,,,,,,,,,,,,,,,,,,228%,,,,,,,20250530,,,,,,,,,,,,,,,,031-8045-5065,
안양시,추진위원회,재건축,뉴골든아파트,경기도 안양시 안양동 1024-1,8446.000,1988,5,231,,,,,,,,,,,,,,,,,,,,157%,,231,,,,,20250530,,,,,20250924,,,,,,,,,,,031-8045-2402,
안양시,예정구역,재건축,금호타운아파트,경기도 안양시 박달동 149-1,31386.000,1996,8,793,,,,,,,,,,,,,,,,,,,,238%,,752,,,,,20250530,,,,,,,,,,,,,,,,031-8045-2399,
안양시,추진위원회,재건축,박달우성아파트,경기도 안양시 박달동 85,42168.000,1990,11,1020,,,,,,,,,,,,,,,,,,,,236%,,1049,,,,,20250530,,,,,20251015,,,,,,,,,,,031-8045-2399,
안양시,예정구역,재건축,삼천리태하양수아파트,경기도 안양시 호계동 843-1,17236.000,1984,9,296,,,,,,,,,,,,,,,,,,,,116%,,,,,,,20250530,,,,,,,,,,,,,,,,031-8045-5065,
안양시,예정구역,재건축,푸른마을삼성아파트,경기도 안양시 호계동 931,10480.000,1999,5,245,,,,,,,,,,,,,,,,,,,,198%,,,,,,,20250530,,,,,,,,,,,,,,,,031-8045-5065,
안양시,예정구역,재건축,호계럭키아파트,경기도 안양시 동안구 호계동 570,41517.000,1992,13,794,,,554,240,,,,,,,,,,,,,,,,210.90%,250%,,,,,,20200309,,,,,,20230412,20240322,,,,,,,,,031-8045-2399,
안양시,추진위원회,재개발,안양9동행정복지센터 주변,경기도 안양시 안양9동 1031-27,41512.000,,,,,,,,,,,,,,,,,,,,,,,,,,,,,,20250530,,,,,,,,,,,,,,,,031-8045-2561,
안양시,추진위원회,재개발,성결대학교 주변,경기도 안양시 안양8동 410-10,35188.000,,,,,,,,,,,,,,,,,,,,,,,,,375,,,,,20250530,,,,,,,,,,,,,,,,031-8045-2366,
안양시,추진위원회,재개발,대흥아파트 주변,경기도 안양시 박달1동 9-27,23413.000,,,,,,,,,,,,,,,,,,,,,,,,,259,,,,,20250530,,,,,,,,,,,,,,,,031-8045-2366,
안양시,추진위원회,재개발,수촌마을(A블럭),경기도 안양시 관양동 1392,69079.000,,,,,,,,,,,,,,,,,,,,,,,,,1060,,,,,20250530,,,,,,,,,,,,,,,,031-8045-5282,
안양시,추진위원회,재개발,수촌마을(B블럭),경기도 안양시 관양동 1388-20,59564.000,,,,,,,,,,,,,,,,,,,,,,,,,968,,,,,20250530,,,,,,,,,,,,,,,,031-8045-5282,
안양시,추진위원회,재개발,관양초등학교 주변,경기도 안양시 관양동 1413-11,34442.000,,,738,,,,,,,,,,,,,,,,,,,,,,713,,,,,20250530,,,,,,,,,,,,,,,,031-8045-2374,
안양시,추진위원회,재개발,부림마을,경기도 안양시 관양동 1471,75462.000,,,1275,,,,,,,,,,,,,,,,,,,,,,1160,,,,,20250530,,,,,,,,,,,,,,,,031-8045-2374,
안양시,추진위원회,재개발,중촌마을,경기도 안양시 관양동 1425,154137.000,,,,,,,,,,,,,,,,,,,,,,,,,,,,,,20250530,,,,,,,,,,,,,,,,,
안양시,추진위원회,재건축,무림아파트,경기도 안양시 석수동 275-2,9039.000,1983,8,202,,,,,,,,,,,,,,,,,,,,152%,,202,,,,,,,,,,20250910,,,,,,,,,,,031-8045-2402,
안양시,추진위원회,재건축,박달신안아파트,경기도 안양시 박달동 152,14521.000,1991,16,385,,,,,,,,,,,,,,,,,,,,201%,,385,,,,,,,,,,20250630,,,,,,,,,,,031-8045-2402,
안양시,정비구역,재건축,석수럭키아파트,경기도 안양시 만안구 석수동 296,30231.000,1987,11,735,,75,600,60,,,,,,810,,,,,,,,,,235.70%,280%,775,,,,,20200309,,20250312,20250312,,20250502,20200707,20210917,,,,,,,,,031-8045-2399,
안양시,정비구역,재건축,진흥5차아파트,경기도 안양시 만안구 안양동 908-4,18384.000,1987,7,432,,,,,,,,,,462,,,,,,,,,,183.50%,250%,437,,,,,20200309,,20250124,20250124,,20250818,20200708,20210830,,,,,,,,,031-8045-5065,
안양시,정비구역,재건축,프라자아파트,경기도 안양시 만안구 안양동 762-2,27125.000,1987,17,658,,,,,,,,,,,,,,,,,,,,210.90%,260%/270%,671,,,,,20200309,,20250124,20250124,,20250509,20200722,20210806,,,,,,,,,031-8045-2402,
안양시,정비구역,재건축,벽산아파트,경기도 안양시 만안구 안양동 627-72,12412.000,1985,5,275,,,,275,,,,,,,,,,,,,,,,228.70%,270%/800%,,,,,,20200309,,20250213,20250213,,,20200724,20210831,,,,,,,,,031-8045-2402,
안양시,정비구역,재개발,충훈부 일원,경기도 안양시 만안구 석수동 768-6,157216.000,,452,2473,,,,,,2567.00,2155,206,206,2361,46,1489,826,,,206,,,,160.40%,260%,2474,,LH,2022,2030,20200309,,,,,,,,,,,,,,,,031-8045-2561,
안양시,조합설립,재개발,종합운동장 동측,경기도 안양시 동안구 비산동 1047-20,91267.000,,315,1329,,,,,,1850.00,1374,250,226,1624,,,,,,226,,,,130.30%,300%,1370,1374,조합,,,20200309,,,20240904,,,20220818,,,,,,,,,,031-8045-5282,
안양시,조합설립,재개발,종합운동장 북측,경기도 안양시 동안구 비산동 1015-22,64375.000,,200,910,,,,,,1286.00,,1132,154,1286,,,,,,154,,,,115.60%,300%,911,910,조합,2022,2033,20200309,20220523,,20241016,,,20220721,,,,,,,,,,031-8045-2407,
안양시,조합설립,재건축,현대아파트,경기도 안양시 동안구 관양1동 1396,62557.000,1985,12,904,,,456,280,168,1305.00,1305,,,1305,,,,,,,,,,186%,300%,976,956,조합,2020,,20171207,20200922,,20250404,,,20170404,20180820,,,,,,,,,031-8045-2374,
안양시,관리처분,재개발,상록,경기도 안양시 만안구 안양8동 398-32,69912.000,평균 1986,350,1103,549,270,221,42,21,1716.00,794,630,292,1424,3,687,627,107,,292,289,3,,100~200%,288%,739,680,조합,2008,2029,20060807,,,20250909,,20210628,,,,,20211228,,,,,,,
안양시,관리처분,재건축,향림아파트,경기도 안양시 안양시 만안구 안양동43-1,8497.000,1981,7,251,,250,,,1,271.00,210,61,,271,19,42,210,,,,,,,135%,270%,194,194,조합,2020,2026,20190907,,,,,20200813,,20030219,,,20220310,,,,,,031-8045-5065,
안양시,관리처분,재건축,미륭아파트,경기도 안양시 동안구 비산2동 406,28377.000,1979,8,576,,,72,504,,723.00,568,134,21,681,,,,,,21,,21,,255%,300%,565,577,조합,2012,2025,20060807,,,20201216,,20210527,20001212,20010221,,,20221027,,,,,,031-8045-2402,
안양시,착공,재건축,박달신한아파트,경기도 안양시 만안구 박달2동 111-1,19457.000,1986,11,370,,,370,,,507.00,374,133,,507,,311,196,,,,,,,148%,270%,375,374,조합,2015,2023,20100527,20121231,,20200515,,20210413,20130118,20130528,,,20230401,20250416,20250620,,,,031-8045-2402,
안양시,착공,재개발,안양역세권,경기도 안양시 만안구 안양2동 841-5,27385.000,1943~2014,84,449,89,268,69,19,4,853.00,411,408,34,819,14,595,210,,,34,34,,,100~200%,435%,449,413,조합,2015,2028,20141021,,,20171122,,20200204,,,,,20210917,20250627,,,,,031-8045-2366,
안양시,착공,재건축,뉴타운맨션 삼호아파트,경기도 안양시 동안구 비산3동 354-10,123298.000,1981/1985,18,2052,,,731,997,324,2737.00,2045,581,111,2737,,736,1637,364,,111,,111,,170~190%,300%,2007,1992,조합,2012,2027,20060807,,,20220525,,20200114,20100409,20110127,,,20210209,20240829,20241114,,,,031-8045-5065,
안양시,착공,재개발,화창,경기도 안양시 만안구 석수2동 348,22670.000,평균 1985,83,359,180,108,51,11,9,483.00,443,,40,443,,339,104,,,40,40,,,100~200%,242%,225,201,조합,2009,2026,20060807,,,20231204,,20190329,,,,,20201228,20230704,20231013,,,,031-8045-2407,
안양시,준공,재개발,비산초교 주변,경기도 안양시 동안구 비산3동 281-1,114548.000,1976~2007,292,1950,925,545,375,63,42,2739.00,1691,709,339,2400,,416,431,12,,339,206,133,,100~200%,287%,2045,1668,조합,2015,2024,20100527,20120201,,20241021,,20190228,,,,,20200115,20210528,20210913,20240619,,,031-8045-2382,
안양시,준공,재건축,삼신6차아파트,경기도 안양시 동안구 호계3동 651-1,14831.000,1984,18,332,72,248,12,,,456.00,246,191,19,437,,375,62,,,19,,19,,132%,300%,346,246,조합,2008,2024,20060807,,,20181129,,20090427,20030411,20030530,,,20101129,20220805,20220829,20250627,,,031-8045-5065,
안양시,준공,재건축,진흥아파트,경기도 안양시 만안구 안양1동 97-3,108559.000,1983/1985,50,1998,49,430,1519,,,2736.00,2027,709,,2736,,1528,1136,72,,,,,,170%,270%,2059,2004,조합,2009,2023,20060807,,,20210504,,20160908,20091012,20100204,,,20190618,20211129,20220316,20241018,,,031-8045-2399,
안양시,준공,재개발,융창아파트 주변,경기도 안양시 동안구 호계2동 929,108017.000,1978~2004,329,1561,761,447,312,25,16,2417.00,1308,913,196,2221,,339,104,,,196,134,62,,100~200%,268%,1290,1288,조합,2011,2024,20060807,,,20250321,,20180529,,,,,20190729,20210531,20210624,20240819,,,031-8045-2374,
안양시,준공,재개발,호계온천 주변,경기도 안양시 동안구 호계2동 915,41856.000,평균 1990,92,538,259,140,108,23,8,1011.00,457,403,151,860,13,416,431,,,151,151,,,100~200%,298%,512,438,조합,2013,2025,20060807,,,20170818,,20190325,,,,,20200304,20210923,20241107,20250225,,,031-8045-2374,
안양시,준공,주거환경개선,냉천,경기도 안양시 만안구 안양5동 618,119122.000,1971~2002,440,1771,726,697,229,98,21,2329.00,1054,1087,188,2141,,953,1131,57,,188,91,97,,100~200%,255%,873,,경기주택도시공사,2006,2025,20060807,,,20240715,,20190328,,,,,20200228,20211230,20220114,20250122,,,031-8045-5642,
안양시,준공,재개발,비산1동주민센터 주변,경기도 안양시 동안구 비산1동 554,5135.000,1983/1989,19,137,,136,,,1,230.00,119,111,,230,,92,138,,,,,,,100~200%,450%,139,133,조합,2015,2023,20141021,,,,,20190131,,,,,20200523,20200825,20200911,20230816,20250530,,031-8045-2366,
안양시,준공,재개발,덕현,경기도 안양시 동안구 호계1동 992,116663.000,1975~2007,354,2559,1280,718,447,89,25,2886.00,1332,1228,326,2560,31,1240,1199,90,,326,311,15,,100~200%,283%,1499,1226,조합,2010,2023,20060807,,,20241112,,20150723,,,,,20170227,20201022,20221229,20250527,,,031-8045-5642,
안양시,준공,재개발,삼영아파트 주변,경기도 안양시 만안구 안양2동 34-1,25158.000,평균 1984,102,519,260,156,103,,,558.00,263,250,45,513,10,276,227,,,45,45,,,100~200%,248%,268,234,조합,2009,2022,20060807,,,20170818,,20161207,,,,,20180305,20191008,20191010,20220705,20230510,,031-8045-2374,
안양시,준공,재개발,예술공원입구 주변,경기도 안양시 만안구 안양2동 18-1,48205.000,평균 1986,175,405,203,122,80,,,1021.00,388,571,62,959,28,514,417,,,62,62,,,100~200%,251%,405,374,조합,2010,2022,20060807,,,20160328,,20150527,,,,,20161125,20191127,20191203,20220830,20231025,,031-8045-2366,
안양시,준공,재개발,구사거리,경기도 안양시 동안구 호계3동 661-1,41951.000,평균 1985,116,620,310,186,124,,,855.00,372,414,69,786,40,245,501,,,69,40,29,,100~200%,263%,585,353,조합,2009,2021,20060807,,,20160818,,20160621,,,,,20170330,20181128,20181203,20220513,20220727,,031-8045-5282,
안양시,준공,재개발,임곡3,경기도 안양시 동안구 비산1동 515-2,133420.000,1964~2006,427,2229,1115,635,446,24,9,2737.00,1336,1226,175,2562,169,1287,1004,102,,175,175,,,100~200%,248%,1463,1251,조합,2009,2023,20060807,,,20200630,,20150922,,,,,20161124,20181217,20181220,20230905,20240402,,031-8045-5282,
안양시,준공,재개발,호원초등학교 주변,경기도 안양시 동안구 호계1동 956,184607.000,평균 1985,721,2585,1236,721,507,101,20,3850.00,1694,1963,193,3657,463,2026,1168,,,193,193,,,100~200%,265%,1838,1500,조합,2010,2021,20060807,,,20151116,,20210420,,,,,20160422,20211215,20180524,20240924,,,031-8045-2366,
안양시,준공,재개발,소곡지구,경기도 안양시 만안구 안양6동 585-2,66682.000,1971~2004,215,1068,534,294,214,26,,1394.00,488,792,114,1280,32,602,607,39,,114,114,,,100~200%,240%,645,482,조합,2008,2021,20060807,,,20210421,,20101206,,,,,20151104,20180529,20180705,20211007,20211112,,031-8045-5642,
안양시,준공,재건축,진흥로얄아파트,경기도 안양시 동안구 비산2동 577-1,10431.000,1986,5,239,30,149,60,,,304.00,236,68,,304,,304,,,,,,,,150~199%,267%,239,236,코리아신탁,2015,2021,20100527,20121231,,20211217,,20171106,20120622,20130419,,,20180713,20190531,20190625,20211115,20231012,,031-8045-2402,
안양시,준공,재건축,비산2동주민자치센터주변,경기도 안양시 만안구 비산2동 419-30,52223.000,1980/1983,242,864,,510,212,66,76,1199.00,535,664,,1199,,484,567,148,,,,,,100~200%,307%,811,536,조합,2008,2021,20060807,,,20190125,,20141031,,20081224,,,20170313,20190125,20190219,20220302,20220705,,031-8045-2402,
안양시,준공,재개발,덕천,경기도 안양시 만안구 안양7동 148-1,257590.000,1975~2003,870,4910,2455,1470,922,63,,4250.00,3179,342,729,3521,,1308,1634,384,195,729,633,96,,100~200%,245%,3669,3179,LH,2006,2016,20060807,,,20160913,,20081231,,,,,20111125,20140402,20150921,20161026,20170731,,031-8045-5642,
안양시,준공,재건축,청원아파트주변,경기도 안양시 만안구 안양2동 80-4,17749.000,1978,45,247,,141,104,2,,419.00,209,189,21,398,,240,156,2,,21,,21,,103%,296%,247,209,조합,2007,2019,20060807,,,20200917,,20090331,,19971130,,,20150609,20160826,20160830,20190125,20201202,,031-8045-2402,
안양시,준공,재건축,백조아파트지구,경기도 안양시 만안구 석수동 374-5,28130.000,1980,21,472,,236,236,,,542.00,466,19,57,485,,129,356,,,57,,57,,98%,229%,479,469,조합,2005,2009,,,,20090115,,20051027,,20020227,,,20060823,20070418,20090225,20090629,20090929,,031-8045-2402,
안양시,준공,재건축,호계주공아파트주변,경기도 안양시 동안구 호계1동 977,53382.000,1984,32,900,260,640,,,,1174.00,797,341,36,1138,,417,688,33,,36,,36,,92%,274%,900,789,조합,2009,2019,20060807,,,20190522,,20141107,20080425,20081117,,,20151026,20160708,20160713,20190328,20190910,,031-8045-5065,
안양시,준공,재건축,주공아파트주변(단독주택),경기도 안양시 동안구 호계1동 981,11094.000,1984,48,48,,5,8,11,24,200.00,58,142,,200,,116,84,,,,,,,100~200%,265%,51,42,조합,2011,2018,20060807,,,20180910,,20140128,20080425,20081117,,,20141023,20151106,20151119,20180330,20180914,,031-8045-5065,
안양시,준공,재건축,석수한신아파트주변지구,경기도 안양시 만안구 석수동 417-3,47177.000,1984,55,577,,210,325,42,,742.00,491,185,66,676,,193,135,348,,66,,66,,86%,228%,577,526,조합,2006,2010,20060807,,,20100928,,20070410,20030520,20030626,,,20071231,20080813,20100513,20100929,20110722,,031-8045-5065,
안양시,준공,재건축,백조아파트지구,경기도 안양시 만안구 석수동 374-5,28130.000,1980,21,472,,236,236,,,542.00,466,19,57,485,,129,356,,,57,,57,,98%,229%,479,469,조합,2005,2009,,,,20090115,,20051027,,20020227,,,20060823,20070418,20090225,20090629,20090929,,031-8045-2402,
안양시,준공,재건축,석수주공2단지지구,경기도 안양시 만안구 석수3동 788,58936.000,1985,31,848,,424,424,,,1134.00,841,204,89,1045,,219,621,205,,89,,89,,81%,285%,863,757,조합,2005,2009,,,,20090909,,20051213,20010927,20011219,,,20060904,20070208,20091105,20090930,20100223,,031-8045-2402,
안양시,준공,재건축,석수주공3단지지구,경기도 안양시 만안구 석수3동 787,28372.000,1985,11,425,,265,125,35,,553.00,440,67,46,507,,56,107,344,,46,,46,,88%,249%,446,446,조합,2005,2010,,,,20100204,,20051222,20011129,20020126,,,20061027,20070726,20100225,20100212,20100430,,031-8045-2402,
안양시,준공,재건축,박달1동 연합지구,경기도 안양시 만안구 박달1동 37,18784.000,1984,63,313,,125,125,63,,392.00,230,130,32,360,,48,236,76,,32,,32,,128%,262%,271,230,조합,2005,2009,,,,,,20060424,19991001,19991101,,,20061027,20070921,20091112,20091202,20100519,,031-8045-2402,
안양시,준공,재건축,동삼아파트지구,경기도 안양시 만안구 석수2동 485-8,11850.000,1984,9,224,,,224,,,281.00,144,127,10,271,,30,241,,,10,,10,,133%,253%,230,144,조합,2005,2011,,,,20111024,,20051025,20030626,20031002,,,20071112,20090324,20110822,20111027,20120103,,031-8045-2402,
안양시,준공,재개발,삼영아파트 주변,경기도 안양시 만안구 안양2동 34-1,25158.000,평균 1984,102,519,260,156,103,,,558.00,263,250,45,513,10,276,227,,,45,45,,,100~200%,248%,268,234,조합,2009,2022,20060807,,,20170818,,20161207,,,,,20180305,20191008,20191010,20220705,20230510,,031-8045-2374,
안양시,준공,재개발,예술공원입구 주변,경기도 안양시 만안구 안양2동 18-1,48205.000,평균 1986,175,405,203,122,80,,,1021.00,388,571,62,959,28,514,417,,,62,62,,,100~200%,251%,405,374,조합,2010,2022,20060807,,,20160328,,20150527,,,,,20161125,20191127,20191203,20220830,20231025,,031-8045-2366,
안양시,준공,재개발,구사거리,경기도 안양시 동안구 호계3동 661-1,41951.000,평균 1985,116,620,310,186,124,,,855.00,372,414,69,786,40,245,501,,,69,40,29,,100~200%,263%,585,353,조합,2009,2021,20060807,,,20160818,,20160621,,,,,20170330,20181128,20181203,20220513,20220727,,031-8045-5282,
안양시,준공,재개발,임곡3,경기도 안양시 동안구 비산1동 515-2,133420.000,1964~2006,427,2229,1115,635,446,24,9,2737.00,1336,1226,175,2562,169,1287,1004,102,,175,175,,,100~200%,248%,1463,1251,조합,2009,2023,20060807,,,20200630,,20150922,,,,,20161124,20181217,20181220,20230905,20240402,,031-8045-5282,
안양시,준공,재개발,호원초등학교 주변,경기도 안양시 동안구 호계1동 956,184607.000,평균 1985,721,2585,1236,721,507,101,20,3850.00,1694,1963,193,3657,463,2026,1168,,,193,193,,,100~200%,265%,1838,1500,조합,2010,2021,20060807,,,20151116,,20210420,,,,,20160422,20211215,20180524,20240924,20241205,,031-8045-2366,
안양시,준공,재개발,소곡지구,경기도 안양시 만안구 안양6동 585-2,66682.000,1971~2004,215,1068,534,294,214,26,,1394.00,488,792,114,1280,32,602,607,39,,114,114,,,100~200%,240%,645,482,조합,2008,2021,20060807,,,20210421,,20101206,,,,,20151104,20180529,20180705,20211007,20211112,,031-8045-5642,
안양시,준공,재건축,진흥로얄아파트,경기도 안양시 동안구 비산2동 577-1,10431.000,1986,5,239,30,149,60,,,304.00,236,68,,304,,304,,,,,,,,150~199%,267%,239,236,코리아신탁,2015,2021,20100527,20121231,,20211217,,20171106,20120622,20130419,,,20180713,20190531,20190625,20211115,20231012,,031-8045-2402,
안양시,준공,재건축,비산2동주민자치센터주변,경기도 안양시 만안구 비산2동 419-30,52223.000,1980/1983,242,864,,510,212,66,76,1199.00,535,664,,1199,,484,567,148,,,,,,100~200%,307%,811,536,조합,2008,2021,20060807,,,20190125,,20141031,,20081224,,,20170313,20190125,20190219,20220302,20220705,,031-8045-2402,
안양시,준공,재개발,덕천,경기도 안양시 만안구 안양7동 148-1,257590.000,1975~2003,870,4910,2455,1470,922,63,,4250.00,3179,342,729,3521,,1308,1634,384,195,729,633,96,,100~200%,245%,3669,3179,LH,2006,2016,20060807,,,20160913,,20081231,,,,,20111125,20140402,20150921,20161026,20170731,,031-8045-5642,
안양시,준공,재건축,청원아파트주변,경기도 안양시 만안구 안양2동 80-4,17749.000,1978,45,247,,141,104,2,,419.00,209,189,21,398,,240,156,2,,21,,21,,103%,296%,247,209,조합,2007,2019,20060807,,,20200917,,20090331,,19971130,,,20150609,20160826,20160830,20190125,20201202,,031-8045-2402,
안양시,준공,재건축,주공아파트주변(단독주택),경기도 안양시 동안구 호계1동 981,11094.000,1984,48,48,,5,8,11,24,200.00,58,142,,200,,116,84,,,,,,,100~200%,265%,51,42,조합,2011,2018,20060807,,,20180910,,20140128,20080425,20081117,,,20141023,20151106,20151119,20180330,20180914,,031-8045-5065,
안양시,준공,재건축,석수한신아파트주변지구,경기도 안양시 만안구 석수동 417-3,47177.000,1984,55,577,,210,325,42,,742.00,491,185,66,676,,193,135,348,,66,,66,,86%,228%,577,526,조합,2006,2010,20060807,,,20100928,,20070410,20030520,20030626,,,20071231,20080813,20100513,20100929,20110722,,031-8045-5065,
안양시,준공,재건축,석수주공2단지지구,경기도 안양시 만안구 석수3동 788,58936.000,1985,31,848,,424,424,,,1134.00,841,204,89,1045,,219,621,205,,89,,89,,81%,285%,863,757,조합,2005,2009,,,,20090909,,20051213,20010927,20011219,,,20060904,20070208,20091105,20090930,20100223,,031-8045-2402,
안양시,준공,재건축,석수주공3단지지구,경기도 안양시 만안구 석수3동 787,28372.000,1985,11,425,,265,125,35,,553.00,440,67,46,507,,56,107,344,,46,,46,,88%,249%,446,446,조합,2005,2010,,,,20100204,,20051222,20011129,20020126,,,20061027,20070726,20100225,20100212,20100430,,031-8045-2402,
안양시,준공,재건축,박달1동 연합지구,경기도 안양시 만안구 박달1동 37,18784.000,1984,63,313,,125,125,63,,392.00,230,130,32,360,,48,236,76,,32,,32,,128%,262%,271,230,조합,2005,2009,,,,,,20060424,19991001,19991101,,,20061027,20070921,20091112,20091202,20100519,,031-8045-2402,
안양시,준공,재건축,동삼아파트지구,경기도 안양시 만안구 석수2동 485-8,11850.000,1984,9,224,,,224,,,281.00,144,127,10,271,,30,241,,,10,,10,,133%,253%,230,144,조합,2005,2011,,,,20111024,,20051025,20030626,20031002,,,20071112,20090324,20110822,20111027,20120103,,031-8045-2402,
오산시,준공,주거환경개선,오매장터,경기도 오산시 오산동 354-4번지 일원,56782.000,1945~2015,187,433,433,,,,,,,,,,,,,,,,,,,180%/800%,,391,,市,2013,2020,,,20150429,20160108,,,,,,,,20171130,,20201231,,,,
오산시,관리처분,재개발,오산경일신안,경기도 오산시 원동 785-1번지 일원,5330.000,1978,11,110,,110,,,,321.00,105,216,,321,,,321,,,,,,,600%,645%,105,,토지등소유자,2016,2026,,,,20170816,,,,,,20180912,20200723,,,,,,,
용인시,예정구역,재건축,기흥6,경기도 용인시 기흥구 고매동 385-4,11267.000,1993,2,320,,,,,,,,,,,,,,,,,,,,250%,250%,,,,,,20210315,20231231,,,,,20230512,,,,,,,,,,031-6193-3251,
용인시,준공,주거환경개선,신갈2,경기도 용인시 기흥구 신갈동 33-4,110187.000,,387,318,318,,,,,,,,,,,,,,,,,,,230%,,,,市,2017,2024,20161228,,,20190927,,20191203,,,,,,20210315,,20241231,,,031-6193-3232,
용인시,준공,주거환경개선,상갈1,경기도 용인시 기흥구 상갈동 102-5,93573.000,,260,218,218,,,,,,,,,,,,,,,,,,,230%,,,,市,2017,2023,20161228,,,20191004,,20191202,,,,,,20210802,,20231229,,,031-6193-3232,
용인시,준공,주거환경개선,마평1,경기도 용인시 처인구 마평동 732,41541.000,1970~,96,352,352,,,,,,,,,,,,,,,,,,,230%,230%,223,,市,2015,2022,20110124,20201231,,20190201,,20171227,,,,,,20190712,,20220317,,,031-6193-3232,
용인시,예정구역,재개발,삼가1,경기도 용인시 처인구 삼가동 110,16000.000,1986,34,145,145,,,,,,,,,,,,,,,,,,,240%,230~250%,145,,,,,20070122,20151231,,,,,,,,,,,,,,,031-6193-2407,
용인시,준공,재건축,용인2,경기도 용인시 처인구 역북동 795,19826.000,1984,6,209,209,,,,,452.00,207,245,,452,,282,170,,,,,,,41%,248%,211,207,조합,2009,2018,20070122,,,20131223,,20151022,,20091223,,,20160128,20160825,20160925,20190201,20190415,,031-6193-2408,
용인시,예정구역,재개발,용인3(역북1),경기도 용인시 처인구 역북동 454 (동일),40489.000,1986,119,562,562,,,,,,,,,,,,,,,,,,,240%,180~250%,562,,,,,20070122,20151231,,,,,,,,,,,,,,,031-6193-2407,
용인시,예정구역,주거환경개선,김량장1,경기도 용인시 처인구 김량장동 226-6,46700.000,,,,,,,,,,,,,,,,,,,,,,,230%,,,,,,,20210315,20241231,,,,,,,,,,,,,,,031-6193-3232,
용인시,예정구역,주거환경개선,마평2,경기도 용인시 처인구 마평동 612-4,25400.000,,,,,,,,,,,,,,,,,,,,,,,230%,,,,,,,20210315,20251231,,,,,,,,,,,,,,,031-6193-3232,
용인시,예정구역,주거환경개선,고림2,경기도 용인시 처인구 고림동 794-29,40900.000,,,,,,,,,,,,,,,,,,,,,,,230%,,,,,,,20210315,20251231,,,,,,,,,,,,,,,031-6193-3232,
용인시,예정구역,재건축,수지5,경기도 용인시 수지구 풍덕천동 693,37163.000,1994,6,576,,,,,,,,,,,,,,,,,,,,250%,290%,,,,,,20210315,20241231,,,,,,,,,,,,,,,031-6193-2408,
용인시,예정구역,주거환경개선,마북1,경기도 용인시 기흥구 마북동 295-7,20100.000,,,,,,,,,,,,,,,,,,,,,,,240%,,,,,,,20210315,20251231,,,,,,,,,,,,,,,031-6193-3232,
용인시,예정구역,재건축,처인1,경기도 용인시 처인구 김량장동 201-3,10230.000,1985,4,91,,,,,,,,,,,,,,,,,,,,58%,200%,,,,,,20210315,20250630,,,,,20210522,20220309,,,,,,,,,031-6193-2408,
용인시,예정구역,재건축,처인2,경기도 용인시 처인구 마평동 605-1,8403.000,1993,2,290,,,,,,,,,,,,,,,,,,,,250%,250%,,,,,,20210315,20231231,,,,,,,,,,,,,,,031-6193-2408,
용인시,예정구역,재건축,처인3,경기도 용인시 이동읍 천리 118-1,6718.000,1993,1,202,,,,,,,,,,,,,,,,,,,,250%,250%,,,,,,20210315,20231231,,,,,,,,,,,,,,,031-6193-2408,
용인시,예정구역,재건축,수지4,경기도 용인시 수지구 풍덕천동 690,23170.000,1994,5,368,,,,,,,,,,,,,,,,,,,,250%,290%,,,,,,20210315,20241231,,,,,,,,,,,,,,,031-6193-2408,
용인시,예정구역,재건축,기흥8,경기도 용인시 기흥구 신갈동 14-4,7138.000,1995,2,247,,,,,,,,,,,,,,,,,,,,250%,250%,,,,,,20210315,20251231,,,,,,,,,,,,,,,031-6193-3251,
용인시,예정구역,재건축,기흥7,경기도 용인시 기흥구 구갈동 396,31608.000,1993,10,624,,,,,,,,,,,,,,,,,,,,250%,290%,,,,,,20210315,20250630,,,,,20230512,20240426,,,,,,,,,031-6193-3251,
용인시,준공,재건축,김량주공아파트(용인1구역),경기도 용인시 처인구 김량장동 526,21449.000,1982,8,450,450,,,,,484.00,440,44,,484,,270,178,36,,,,,,90%,220%,455,448,조합,2005,2009,20070122,,,20060506,,20060711,,20021127,,,20061023,20070626,20080201,20091124,20100514,,031-6193-2408,
용인시,준공,재건축,신갈주공아파트(기흥2구역),경기도 용인시 기흥구 신갈동 733,31607.000,1990,14,560,560,,,,,612.00,515,97,,612,,52,463,97,,,,,,87%,249%,572,550,조합,2003,2013,20070122,,,,,20090622,,20050907,,,20100205,20110503,20130514,20130903,20140303,,031-6193-2408,
용인시,준공,주거환경개선,용인9,경기도 용인시 처인구 마평동 740,31439.000,1986,116,211,211,,,,,,,,,,,,,,,,,,,240%,,125,,市,2007,2013,20070122,,,,,20110427,,,,,,20110707,,20130315,,,031-6193-3232,
용인시,준공,주거환경개선,용인10,경기도 용인시 처인구 마평동 601,23983.000,1986,64,242,242,,,,,,,,,,,,,,,,,,,240%,,110,,市,2007,2013,20070122,,,,,20110427,,,,,,20110707,,20130315,,,031-6193-3232,
용인시,준공,주거환경개선,양지1,경기도 용인시 처인구 양지면 양지리 383,28936.000,1986,48,175,175,,,,,,,,,,,,,,,,,,,240%,,166,,市,2007,2013,20070122,,,,,20110427,,,,,,20110707,,20130315,,,031-6193-3232,
용인시,준공,주거환경개선,포곡1,경기도 용인시 처인구 포곡읍 전대리 150,12861.000,1986,31,134,134,,,,,,,,,,,,,,,,,,,240%,,124,,市,2007,2013,20070122,,,,,20110427,,,,,,20110707,,20130315,,,031-6193-3232,
용인시,예정구역,재건축,처인6,경기도 용인시 처인구 김량장동 4-2,21551.000,1995,7,755,,,,,,,,,,,,,,,,,,,,290%,290%,,,,,,20210315,20251231,,,,,,,,,,,,,,,031-6193-2408,
용인시,예정구역,재건축,기흥3,경기도 용인시 기흥구 구갈동 385,10412.000,1994,4,205,,,,,,,,,,,,,,,,,,,,250%,290%,,,,,,20210315,20251231,,,,,20231106,20250228,,,,,,,,,031-6193-3251,
용인시,예정구역,재건축,기흥4,경기도 용인시 기흥구 신갈동 116-2,10169.000,1992,2,299,,,,,,,,,,,,,,,,,,,,240%,290%,,,,,,20210315,20241231,,,,,20220630,20230331,,,,,,,,,031-6193-2408,
용인시,예정구역,재건축,기흥5,경기도 용인시 기흥구 구갈동 384-1,13638.000,1992,3,200,,,,,,,,,,,,,,,,,,,,250%,290%,,,,,,20210315,20250630,,,,,20230522,20240223,,,,,,,,,031-6193-3251,
용인시,예정구역,재개발,삼가2,경기도 용인시 처인구 삼가동 216,16000.000,1986,32,53,53,,,,,,,,,,,,,,,,,,,240%,230~250%,53,,,,,20070122,20151231,,,,,,,,,,,,,,,031-6193-2407,
용인시,예정구역,재건축,처인4,경기도 용인시 처인구 유방동 1007-1,9928.000,1994,4,375,,,,,,,,,,,,,,,,,,,,271%,290%,,,,,,20210315,20241231,,,,,,,,,,,,,,,031-6193-2408,
용인시,예정구역,재건축,처인5,경기도 용인시 처인구 유방동 1007-50,9999.000,1995,3,330,,,,,,,,,,,,,,,,,,,,286%,290%,,,,,,20210315,20251231,,,,,,,,,,,,,,,031-6193-2408,
용인시,예정구역,재건축,수지9,경기도 용인시 수지구 풍덕천동 694,12112.000,1995,3,190,,,,,,,,,,,,,,,,,,,,250%,290%,,,,,,20210315,20251231,,,,,,,,,,,,,,,031-6193-2408,
용인시,예정구역,재건축,수지8,경기도 용인시 수지구 풍덕천동 692,22571.000,1994,5,619,,,,,,,,,,,,,,,,,,,,250%,290%,,,,,,20210315,20241231,,,,,,,,,,,,,,,031-6193-2408,
용인시,예정구역,재건축,수지7,경기도 용인시 수지구 풍덕천동 700-1,51618.000,1994,12,1168,,,,,,,,,,,,,,,,,,,,250%,290%,,,,,,20210315,20241231,,,,,,,,,,,,,,,031-6193-2408,
용인시,예정구역,재건축,수지6,경기도 용인시 수지구 풍덕천동 664,59946.000,1994,10,1620,,,,,,,,,,,,,,,,,,,,250%,290%,,,,,,20210315,20241231,,,,,,,,,,,,,,,031-6193-2408,
용인시,예정구역,재건축,수지11,경기도 용인시 수지구 풍덕천동 699,18330.000,1995,5,416,,,,,,,,,,,,,,,,,,,,250%,290%,,,,,,20210315,20251231,,,,,,,,,,,,,,,031-6193-2408,
용인시,예정구역,재건축,수지10,경기도 용인시 수지구 풍덕천동 703,29513.000,1995,5,470,,,,,,,,,,,,,,,,,,,,250%,290%,,,,,,20210315,20251231,,,,,,,,,,,,,,,031-6193-2408,
용인시,예정구역,재건축,수지12,경기도 용인시 수지구 풍덕천동 691,21978.000,1995,6,612,,,,,,,,,,,,,,,,,,,,250%,290%,,,,,,20210315,20251231,,,,,,,,,,,,,,,031-6193-2408,
용인시,추진위원회,재건축,기흥1,경기도 용인시 기흥구 구갈동 380,29694.000,1992,12,570,,,,,,,,,,,,,,,,,,,,290%,290%,,,,,,20210315,,20250124,20250124,,20250411,20210426,20211219,,,,,,,,,031-6193-2408,
용인시,추진위원회,재건축,기흥2,경기도 용인시 기흥구 구갈동 385-1,20445.000,1993,7,384,,,,,,,,,,,,,,,,,,,,250%,290%,,,,,,20210315,,20250124,20250124,,20250404,20210430,20220123,,,,,,,,,031-6193-2408,
용인시,추진위원회,재건축,수지1,경기도 용인시 수지구 풍덕천동 663-1,13249.000,1994,9,1137,,,,,,,,,,,,,,,,,,,,250%,290%,,,,,,20210315,,20250402,20250402,,20250718,20210429,20220421,,,,,,,,,031-6193-2408,
용인시,추진위원회,재건축,수지3,경기도 용인시 수지구 풍덕천동 692-1,16739.000,1995,5,420,,,,,,,,,,,,,,,,,,,,250%,290%,,,,,,20210315,,20250124,20250124,,20250422,20210427,20220610,,,,,,,,,031-6193-2408,
용인시,조합설립,재건축,수지2,경기도 용인시 수지구 풍덕천동 698-2,27259.000,1995,10,774,,,,,,,,,,,,,,,,,,,,250%,290%,,,대한토지신탁,,,20210315,,20250124,20250124,,20250917,20210427,20220421,,,,,,,,,031-6193-2408,
용인시,조합설립,재개발,모현1,경기도 용인시 처인구 모현읍 왕산리 789,22784.000,1986,61,242,242,,,,,622.00,176,414,32,590,,141,377,72,,32,32,,,300%,400%,176,176,조합,2007,,20070122,20241231,,20220324,,,,,,,,,,,,,031-6193-2407,
용인시,사업시행,재개발,용인7,경기도 용인시 처인구 김량장동 159,22646.000,1986,79,143,143,,,,,323.00,268,,55,268,,28,240,,,55,29,26,,200%,208%,110,110,조합,2007,,20070122,,,20110422,,20110426,,,,,,,,,,,031-6193-2407,
용인시,착공,주거환경개선,이동2,경기도 용인시 처인구 이동읍 천리 748-2,35041.000,,74,105,105,,,,,,,,,,,,,,,,,,,230%,,,,市,2017,,20161228,,,20191129,,20200217,,,,,,,,,,,031-6193-3232,
용인시,착공,주거환경개선,고림1,경기도 용인시 처인구 고림동 772-20,45892.000,,80,112,112,,,,,,,,,,,,,,,,,,,230%,,,,市,2017,,20161228,,,,,20191202,,,,,,20220318,,,,,031-6193-3232,
용인시,착공,주거환경개선,풍덕천1,경기도 용인시 수지구 풍덕천동 678-1,83251.000,,215,215,215,,,,,,,,,,,,,,,,,,,230%,,,,市,2017,,20161228,,,,,20220810,,,,,,20230215,,,,,031-6193-3232,
용인시,착공,재개발,용인8,경기도 용인시 처인구 김량장동 309-1,49076.000,1986,123,603,603,,,,,1308.00,158,1082,68,1240,,908,332,,,68,34,34,,300%,328%,248,166,조합,2007,2023,20070122,,,20220120,,20110707,,,,,20190503,20210223,20210325,,,,031-6193-2407,
의왕시,관리처분,재개발,부곡가구역,경기도 의왕시 삼동 192-244번지일원,86095.000,1970~1985,191,961,276,326,298,38,23,1857.00,905,859,93,1764,96,1016,745,,,93,93,,,117%,263%,1061,905,조합,2008,2027,20080424,20101231,20110127,20120501,20230830,20140108,,,,20170426,20211022,,,,,,031-345-3494,
의왕시,사업시행,재건축,부곡다구역,경기도 의왕시 삼동 146번지일원,60916.000,1977~2004,99,1324,,,,,,1511.00,1511,,,1511,,1183,328,,,,,,,187%,292%,1282,1123,조합,2016,2030,20080424,20161231,20190923,20190923,20220623,20210331,20150727,20160213,,20250110,,,,,,,031-345-3498,
의왕시,조합설립,재개발,오전라구역,경기도 의왕시 오전동 323-3번지 일원,15939.000,1977~2006,49,161,19,61,51,12,18,477.00,477,,,477,,,477,,,,,,,300%,694%,87,87,조합,2012,2025,20090821,20091231,20110224,20120222,,20250708,,,,,,,,,,,031-345-3497,
의왕시,관리처분,재개발,고천나구역,경기도 의왕시 고천동 265번지 일원,90406.000,1970~1990,283,737,129,274,201,40,93,1912.00,850,966,96,1816,,889,850,77,,96,96,,,109%,297%,823,790,조합,2008,2023,20080424,20081231,20090806,20111202,20231012,20120723,,,,20201217,20220728,,,,,,031-345-3492,
의왕시,관리처분,재개발,오전다구역,경기도 의왕시 오전동 350-1번지일원,175212.000,1980~2003,290,1763,709,417,552,40,45,3209.00,1820,1228,161,3048,2,1635,1347,63,1,161,161,,,106%,278%,1862,1781,조합,2008,2025,20080424,20101231,20110512,20130716,20231205,20161206,,,,20201217,20221128,,,,,,031-345-3492,
의왕시,관리처분,재개발,고천가구역,경기도 의왕시 고천동 276-8번지일원,27025.000,1950~2007,76,149,50,11,27,16,45,929.00,142,787,,929,,379,509,41,,,,,,112%,610%,157,144,조합,2008,2026,20080424,20081231,20090806,20111202,20200702,20120831,,,,20210329,20240726,,,,,,031-345-3498,
의왕시,착공,재개발,내손라구역,경기도 의왕시 내손동 661번지일원,93990.000,1984~1993,250,1360,984,247,16,9,104,2180.00,1416,586,178,2002,,,1271,149,582,178,102,76,,111%,299%,1334,1310,조합,2008,2026,20080424,20081231,20090806,20101129,20171222,20111228,,,,20180205,20191206,20230116,20230531,,,,031-345-3494,
의왕시,착공,재개발,내손다구역,경기도 의왕시 내손동 683번지일원,152885.000,1984~1993,448,1397,677,372,13,11,324,2633.00,1602,899,132,2501,30,1355,866,247,3,132,132,,,122%,276%,1399,1316,조합,2008,2025,20080424,20081231,20090806,20110615,20230328,20140708,,,,20180411,20190612,20220401,20220920,,,,031-345-3494,
의왕시,착공,재개발,오전나구역,경기도 의왕시 오전동 32-5번지일원,32850.000,1980~1990,105,233,10,58,84,12,69,733.00,164,532,37,696,92,306,270,28,,37,37,,,108%,279%,244,168,조합,2008,2026,20080424,20091231,20090806,20101111,20180425,20110427,,,,20140618,20181221,20220324,20231030,,,,031-345-3498,
의왕시,준공,재건축,오전가구역,경기도 의왕시 오전동 52번지일원,44824.000,1979~1985,60,654,54,190,360,26,24,941.00,603,333,5,936,,285,599,52,,5,,5,,112%,296%,714,605,조합,2008,2021,20080424,20081231,20090403,20091110,20230127,20101126,,20090211,,20140212,20160809,20180510,20180611,20210629,20230525,,031-345-3497,
의왕시,준공,재건축,청화아파트,경기도 의왕시 포일동 643번지,14450.000,1984,4,420,,165,255,,,447.00,433,,14,433,,161,272,,,14,,14,,208%,269%,454,429,조합,2003,2009,20041224,,,20060109,20080215,20030630,20021025,20030108,,20060613,20061228,20070608,,20090930,20100308,,031-345-3497,
의왕시,준공,재개발,오전마구역,경기도 의왕시 오전동 324-4번지일원,14208.000,1974~2000,13,41,,,36,4,1,536.00,27,509,,536,,,,528,8,,,,,111%,705%,21,17,조합,2010,2019,20090821,20091231,20100310,20101203,20150811,20110121,,,,20120127,20131111,20141120,20141121,20181122,20181129,,031-345-3497,
의왕시,청산,재건축,포일주공아파트,경기도 의왕시 내손동 844번지 일원,128886.000,1982,59,2230,1020,1210,,,,2540.00,2230,310,,2540,,510,1191,603,236,,,,,78%,247%,2313,2312,조합,2002,2009,20041224,,,20050411,20060814,20021104,,20020907,,20050516,20061228,20070511,20090916,20091123,20100707,,031-345-3497,
의왕시,청산,재건축,의왕내손주택,경기도 의왕시 내손동 842번지,32691.000,1985,27,519,,167,352,,,696.00,519,123,54,642,,97,280,265,,54,,54,,110%,250%,519,519,조합,2003,2009,20041224,,,20050411,20081126,20030612,20021025,20030123,,20050516,20060629,20061030,20090428,20090331,20090526,,031-345-3497,
의왕시,예정구역,재건축,인스빌아파트,경기도 의왕시 왕곡동 592번지 일원,36339.000,1994,8,504,,,,504,,,,,,,,,,,,,,,,202.16~202.25%,270%,,,,,,20220110,20271231,,,,,,,,,,,,,,,031-345-3498,
의왕시,예정구역,재건축,백합목련아파트,경기도 의왕시 오전동 842번지 일원,35210.000,1994,7,814,,412,402,,,,,,,,,,,,,,,,,199.56~203.5%,270%,,,,,,20220110,20271231,,,,,,,,,,,,,,,031-345-3498,
의왕시,예정구역,재건축,인덕원삼호아파트,경기도 의왕시 포일동 441-2번지 일원,27834.000,1991~1993,7,684,,,624,60,,,,,,,,,,,,,,,,247.10%,270%,,,,,,20220110,20261231,,,,,20230322,20240320,,,,,,,,,031-345-3498,
의왕시,예정구역,재건축,신안아파트,경기도 의왕시 오전동 216-1번지 일원,17906.000,1991,3,576,,,576,,,,,,,,,,,,,,,,,298.50%,270%,,,,,,20220110,20251231,,,,,20221128,,,,,,,,,,031-345-3498,
의왕시,예정구역,재건축,장미아파트,경기도 의왕시 삼동 462-32번지 일원,15510.000,1995,3,520,,520,,,,,,,,,,,,,,,,,,214.30%,270%,,,,,,20220110,20281231,,,,,,,,,,,,,,,031-345-3498,
의왕시,예정구역,재건축,동백아파트,경기도 의왕시 오전동 849 일원,55205.000,1995,12,1074,,,1074,,,,,,,,,,,,,,,,,211.00%,270%,,,,,,20220110,20281231,,,,,,,,,,,,,,,031-345-3498,
의왕시,예정구역,재건축,왕곡지역,경기도 의왕시 왕곡동 600번지 일원,87449.000,1994,16,1578,,456,790,332,,,,,,,,,,,,,,,,196.15~218%,270%,,,,,,20220110,20271231,,,,,,,,,,,,,,,031-345-3498,
의왕시,예정구역,재건축,무궁화아파트,경기도 의왕시 오전동 854 일원,19682.000,1995,4,370,,40,330,,,,,,,,,,,,,,,,,206.10%,270%,,,,,,20220110,20281231,,,,,,,,,,,,,,,031-345-3498,
의왕시,청산,재건축,대우사원주택,경기도 의왕시 내손동 627번지일원,125233.000,1984,81,1276,,177,716,383,,2422.00,1273,1149,,2422,,,485,1257,680,,,,,78%,249%,1276,1269,조합,2002,2011,20041224,,,20050411,20120713,20021102,,20020515,,20050516,20070504,20081118,20110517,20121029,20130524,,031-345-3497,
의정부시,추진위원회,재개발,가능6구역,경기도 의정부시 가능동 665-7번지 일원,50537.000,1980~1990,179,179,3,2,10,17,147,900.00,384,468,48,852,,151,701,,,48,48,,,100~200%,250%,400,,조합,2025,2034,,,,20250402,,20250904,,,,,,,,,,,031-828-8845,
의정부시,추진위원회,재개발,중앙1구역,경기도 의정부시 의정부동 365-22번지 일원,68771.000,1980~1990,328,328,,64,51,213,,1293.00,620,607,66,1227,,460,688,79,,66,66,,,100~200%,250%,700,,조합,2025,2034,,,,20250403,,20250910,,,,,,,,,,,031-828-8844,
의정부시,추진위원회,재개발,가능3구역,경기도 의정부시 가능동 681-2번지 일원,100198.000,1980~1990,364,789,13,60,180,206,330,1600.00,752,768,80,1520,,635,263,622,,80,80,,,100~200%,250%,836,,조합,2023,2032,,,,20250107,,,,,,,,,,,,,031-828-8842,
의정부시,추진위원회,재개발,가능4구역,경기도 의정부시 가능동 606-18번지 일원,79340.000,1980~1990,345,634,10,39,257,187,141,1368.00,547,,69,1299,,582,717,,,69,69,,,100~200%,250%,547,,조합,2023,2032,,,,20250115,,,,,,,,,,,,,031-828-8843,
의정부시,착공,재개발,장암1구역,경기도 의정부시 신곡동 571-1번지 일원,37022.000,1950~2005,100,209,176,6,4,23,,769.00,136,591,42,727,,484,215,28,,42,42,,,100~200%,250%,176,135,조합,2014,2023,,,,20091221,20181224,20080519,,,20100528,20140128,20200313,20211116,,,,,031-828-8844,
의정부시,준공,재개발,중앙3구역,경기도 의정부시 의정부동 394-11번지 일원,36193.000,1993~2003,84,759,637,23,15,84,,926.00,586,222,118,808,,364,444,,,118,44,74,,100~200%,300%,631,628,조합,2014,2025,,20081231,20091106,20101201,20150911,20080702,,,20110720,20160517,20180130,20200929,20200630,20230831,20250317,,031-828-8842,
의정부시,준공,재개발,가능1구역,경기도 의정부시 가능동 581-1번지 일원,24847.000,1958~2005,95,245,206,7,5,27,,466.00,109,331,26,440,50,235,155,,,26,26,,,100~200%,230%,153,101,조합,2014,2023,,,,20100824,20180904,20080604,,,20110826,20140403,20170529,20200331,20200423,20240628,20241107,,031-828-8842,
의정부시,준공,재개발,중앙2구역,경기도 의정부시 의정부동 380번지 일원,132480.000,1975~2005,583,1858,1558,56,38,206,,2473.00,930,1393,150,2323,,1444,813,66,,150,150,,,100~200%,257%,962,827,조합,2014,2025,,,,20100716,20190412,20080515,,,20110131,20150331,20161104,20190821,20190822,20220727,20230313,,031-828-8842,
의정부시,준공,재개발,가능2구역,경기도 의정부시 가능동 224-24번지 일원,22840.000,1958~2004,62,175,147,5,4,19,,420.00,75,321,24,396,45,83,245,23,,24,24,,,100~200%,230%,99,75,조합,2014,2023,,,,20100716,20121210,20080603,,,20101117,20140124,20170216,20181207,20181213,20210820,20220126,,031-828-8844,
의정부시,준공,재개발,장암4구역,경기도 의정부시 장암동 34-1번지 일원,47200.000,1951~2004,72,174,146,5,4,19,,677.00,121,522,34,643,27,116,447,53,,34,12,22,,100~200%,250%,168,123,조합,2013,2021,,,,20100412,20151102,20080603,,,20100903,20130911,20160229,20170620,20170713,20210707,20211111,,031-828-8845,
의정부시,준공,재건축,송산1구역,경기도 의정부시 용현동 241번지 일원,96152.000,1989,41,1580,720,860,,,,2571.00,1566,831,174,2397,,1129,1200,68,0,174,,174,,85%,290%,1569,1505,조합,2016,2022,,20081231,20110116,20120424,20190326,20121102,,20001220,20141229,20161101,20170925,20181101,20181102,20211220,20220525,,031-828-8843,
의정부시,준공,주거환경개선,안말2,경기도 의정부시 호원동 252번지 일원,38238.000,1951~2004,102,108,108,,,,,,,,,,,,,,,,,,,80%,,87,,市,2006,2012,,,,20090310,,,,,,20120412,,20120424,,20131101,,,031-828-8842,
의정부시,추진위원회,재개발,의정부9구역,경기도 의정부시 의정부동 404-13번지 일원,96123.000,1980~1990,461,952,21,77,336,270,248,1850.00,777,,93,1757,,785,887,85,,93,93,,,100~200%,250%,444,,조합,2023,2032,,,,20250217,,,,,,,,,,,,,031-828-8844,
의정부시,추진위원회,재개발,가능중앙구역,경기도 의정부시 가능동 619번지 일원,92213.000,1980~1990,391,903,244,187,178,46,248,1701.00,947,,112,1589,77,629,883,,,112,83,29,,100~200%,250%,954,,조합,2023,2032,,,,20250225,,20250908,,,,,,,,,,,031-828-8845,
의정부시,추진위원회,재개발,가재울구역,경기도 의정부시 가능동 28-3번지 일원,29630.000,1980~1990,105,105,19,8,13,9,56,698.00,168,494,36,662,,378,284,,,36,36,,,100~200%,250%,193,,조합,2023,2032,,,,20241230,,20250623,,,,,,,,,,,031-828-8843,
의정부시,추진위원회,재개발,장암2구역,경기도 의정부시 신곡동 602-13번지 일원,127296.000,1980~1990,581,779,245,79,140,98,217,2319.00,901,,215,2104,,916,890,298,,215,98,117,,100~200%,250%,888,,조합,2023,2032,,,,20241231,,20250418,,,,,,,,,,,031-828-8813,
의정부시,추진위원회,재개발,가능8구역,경기도 의정부시 nan,,,,1016,,,,,,,,,,1136,,,,,,60,,,,,,,,,,,,,,,,,,,,,,,,,,,,
의정부시,조합설립,재개발,호원2구역,경기도 의정부시 호원동 250-17번지 일원,28016.000,1980~1990,74,442,,,,,,611.00,579,,32,579,,,,,,32,,,,100~200%,250%,447,,조합,2023,2032,,,,20240416,,20240628,,,20241031,,,,,,,,031-828-8843,
의정부시,조합설립,재개발,장암6구역,경기도 의정부시 신곡동 351-12번지 일원,16735.000,1980~1990,85,255,6,192,49,7,1,379.00,360,,19,360,,166,194,,,19,19,,,100~200%,250%,225,,조합,2023,2032,,,,20231205,,20240318,,,20240717,,,,,,,,031-828-8812,
의정부시,조합설립,재개발,의정부역2구역,경기도 의정부시 의정부동 584-9번지 일원,22952.000,1980~1990,60,353,,,,,,305.00,289,,16,289,,70,52,167,,16,16,,,100~200%,250%,285,,조합,2023,2032,,,,20230925,,20231130,,,20240830,,,,,,,,031-828-8842,
의정부시,정비구역,재개발,가능11구역,경기도 의정부시 가능동 355-3번지 일원,15843.000,1980~1990,48,47,,21,24,2,,310.00,66,,20,290,,45,245,,,20,20,,,100~200%,250%,66,,조합,2023,2032,,,,20250109,,,,,,,,,,,,,031-828-8844,
의정부시,사업시행,재개발,장암5구역,경기도 의정부시 신곡동 406번지 일원,48091.000,1980~2010,,912,,,,,,954.00,905,,49,905,,340,502,61,2,49,49,,,100~200%,250%,497,497,조합,2018,2028,,,20170831,20181019,20200916,20190510,,,20201016,20231222,,,,,,,031-828-8812,
의정부시,착공,재개발,장암3구역,경기도 의정부시 신곡동 435-3번지 일원,33881.000,1973~2004,127,460,386,14,9,51,,815.00,296,407,112,703,,319,382,,2,112,45,67,,100~200%,300%,242,225,조합,2015,2022,,20081231,20090629,20100412,20161209,20080617,,,20111027,20181227,20210527,20231024,,,,,031-828-8845,
의정부시,착공,재개발,금오1구역,경기도 의정부시 금오동 65-3번지 일원,32509.000,1951~2001,82,432,362,13,9,48,,832.00,376,414,42,790,85,468,237,,,42,42,,,100~200%,275%,413,377,조합,2012,2024,,,,20100824,20171214,20080604,,,20110210,20121207,20190419,20220223,20231030,,,,031-828-8843,
이천시,관리처분,재개발,이천관고동,경기도 이천시 관고동 226번지 일원,32400.000,1986,62,284,,209,38,37,,616.00,221,364,31,585,,302,283,,,31,31,,,200%,238%,247,220,조합,2013,2025,,,,20130501,20191018,20180409,,,,20201231,20220504,,,,,,031-644-7132,
파주시,착공,재건축,협신연립,경기도 파주시 아동동 275-13,5614.000,1984,6,96,,96,,,,115.00,96,19,,115,5,45,65,,,,,,,89%,179%,94,63,조합,2011,2025,,,,,,20071224,,20070810,20080416,20110302,20111226,20120614,,,,,031-940-4776,
파주시,관리처분,재개발,문산3리지구,경기도 파주시 문산읍 문산리81-61 일원,47309.000,1986,185,285,285,,,,,951.00,223,680,48,903,,548,355,,,48,48,,,180%,250%,223,152,조합,2019,2023,,,20060220,20080724,20200728,20080912,,,20081208,20200908,20211029,,,,,,031-940-4775,
파주시,관리처분,재개발,문산1-5,경기도 파주시 문산읍 문산리 31-1번지일원,25297.000,1990,24,394,394,,,,,668.00,384,250,34,634,67,349,218,,,34,34,,,248%,299%,384,384,조합,2019,2023,20091026,20130531,20130603,20130603,20190806,20091202,,,20170524,20200630,20221014,,,,,,031-940-4775,
파주시,착공,재개발,금촌2동제2지구,경기도 파주시 금촌동 337-15,35772.000,1971,146,319,319,,,,,1055.00,139,863,53,152,397,580,25,,,903,53,,,180%,,236,139,조합,2018,2022,,,20090612,20090612,20180511,20100118,,,20100726,20180724,20200422,20220927,,,,,031-940-4776,
파주시,관리처분,재개발,새말지구,경기도 파주시 금촌동390-36,157201.000,1980,328,950,950,,,,,2563.00,635,1799,129,2434,,1058,1376,,,129,90,39,,120%,248%,815,793,조합,2019,2023,,,20080111,20090225,20230616,20090603,,,20090922,20200630,20211230,,,,,,031-940-4776,
파주시,준공,재건축,초원연립,"경기도 파주시 문산읍 당동리 산38-1, 산38-8",2274.000,1986,6,37,,36,1,,,66.00,37,29,,66,16,50,,,,,,,,95%,180%,37,37,조합,2016,2019,,,,,,20141120,,20140821,20150203,20151215,20160426,20160512,,20190830,20190926,,031-940-4775,
파주시,관리처분,재개발,율목지구,경기도 파주시 금촌동341,54033.000,1975,187,304,304,,,,,1213.00,203,949,61,203,124,462,566,,,1010,61,,,180%,,282,199,조합,2018,2022,,,20080922,20080922,20180511,20081215,,,20091030,20180724,20200327,,,,,,031-940-4775,
평택시,예정구역,재건축,합정1,경기도 평택시 합정동 829,59695.000,1992,23,1164,,1164,,,,,,,,,,,,,,,,,,,200%/300%,,,,,,20210604,20271231,,,,,,,,,,,,,,,031-8024-4172,
평택시,준공,주거환경개선,세교지구,경기도 평택시 평택시 세교동 123,17261.000,1960~1980,68,85,85,,,,,,,,,,,,,,,,,,,180%,,78,,市,2006,2016,,,,20151207,,,,,,20080625,,20100809,,20160617,,,031-8024-4136,
평택시,준공,주거환경개선,지산지구,경기도 평택시 평택시 지산동 692,30613.000,1960~1980,106,148,148,,,,,,,,,,,,,,,,,,,180%,,113,,市,2006,2014,,,,,,,,,,20080625,,20110220,,20141218,,,031-8024-4136,
평택시,준공,재건축,서정주공2,경기도 평택시 서정동 13,40540.000,1985,15,450,,450,,,,718.00,444,274,,718,,56,340,268,54,,,,,80%,220%,460,460,조합,2007,2009,,,,,,20030520,20030306,20030430,,20060424,20061027,20070424,20070508,20090629,20090709,,031-8024-4174,
평택시,준공,재건축,서정주공1,경기도 평택시 서정동 241,43221.000,1985,21,582,,582,,,,828.00,570,258,,828,,72,373,301,82,,,,,80%,230%,595,594,조합,2007,2009,,,,,,20030623,20030520,20030612,,20060321,20061027,20070806,20070823,20100129,20100520,,031-8024-4174,
평택시,준공,재건축,비전주공2,경기도 평택시 비전동 143,42325.000,1987,22,810,,810,,,,903.00,725,178,,903,,208,466,229,,,,,,104%,215%,799,799,조합,2007,2009,,,,20060320,,20031224,20030428,20030602,,20060323,20060928,20070518,20070525,20091116,20100121,,031-8024-4172,
평택시,준공,재건축,비전주공1,경기도 평택시 비전동 488,30157.000,1985,13,450,,450,,,,553.00,145,408,,553,,23,296,234,,,,,,80%,230%,418,417,조합,2007,2009,,,,20060116,,20030531,20030306,20030430,,20060123,20061027,20070319,,20110127,20110822,,031-8024-4172,
평택시,준공,주거환경개선,두정지구,경기도 평택시 팽성읍 두정리 45-2,63029.000,,79,,,,,,,,,,,,,,,,,,,,,,100%,,,市,2014,2020,,,,,,,,,,20160229,,20170629,,20201231,,,031-8024-4136,
평택시,준공,재건축,서정연립,경기도 평택시 서정동 780,56888.000,1986,25,420,,420,,,,1105.00,407,698,,1107,,254,853,,,,,,,50%,228%,399,399,조합,2012,2024,,,,20150203,,20130502,20091118,20100916,,20180703,20200207,20210917,20211216,20240902,20241127,,031-8024-4174,
평택시,착공,재건축,합정주공,경기도 평택시 합정동 835,75646.000,1989~1990,33,1374,784,590,,,,1918.00,1241,677,,1918,,665,1177,68,8,,,,,104%,299%,1325,1282,조합,2015,2027,,,,20201203,,20180321,,20160817,,20210629,20220506,20240624,,,,,031-8024-4172,
평택시,관리처분,재개발,세교1구역,경기도 평택시 세교동 202-5,68593.000,1962-2005,146,453,453,,,,,1573.00,249,14,1310,263,,132,131,,,1310,80,1051,179,250%,297%,434,249,조합,2008,2028,,,,,,20081021,,,,20100719,20150910,,,,,,031-8024-4132,
평택시,관리처분,재건축,송원.현대연립,경기도 평택시 독곡동 359-5,15622.000,1985,10,156,,156,,,,259.00,116,143,,259,,,259,,,,,,,57%,220%,153,113,조합,2011,2030,,,,,,20030626,20030520,20030612,,20110923,20191202,,,,,,031-8024-4146,
평택시,예정구역,재개발,통복1,경기도 평택시 통복동 35-3,43188.000,1952~2016,186,0,,,,,,,,,,,,,,,,,,,,,,,,,,,20210604,20271231,,,,,,,,,,,,,,,031-8024-4132,
평택시,예정구역,재건축,독곡1,경기도 평택시 독곡동 464,32170.000,1992,8,483,,,,243,240,,,,,,,,,,,,,,,,200%/300%,,,,,,20210604,20281231,,,,,,,,,,,,,,,031-8024-4174,
평택시,예정구역,재건축,지산1,경기도 평택시 지산동 1029,19666.000,1992,11,360,,90,270,,,,,,,,,,,,,,,,,,200%/300%,,,,,,20210604,20281231,,,,,,,,,,,,,,,031-8024-4174,
평택시,예정구역,재건축,지산2,경기도 평택시 지산동 1089,8882.000,1992,3,299,,,299,,,,,,,,,,,,,,,,,,200%/300%,,,,,,20210604,20281231,,,,,,,,,,,,,,,031-8024-4174,
평택시,예정구역,재건축,지산3,경기도 평택시 지산동 1028,11750.000,1991,2,300,,,300,,,,,,,,,,,,,,,,,,200%/300%,,,,,,20210604,20281231,,,,,,,,,,,,,,,031-8024-4174,
평택시,예정구역,재건축,지산5,경기도 평택시 지산동 1095,24555.000,1992,14,414,,,210,204,,,,,,,,,,,,,,,,,200%/300%,,,,,,20210604,20281231,,,,,,,,,,,,,,,031-8024-4174,
평택시,예정구역,재건축,서정1,경기도 평택시 서정동 793,27152.000,1989,11,520,,,520,,,,,,,,,,,,,,,,,,200%/300%,,,,,,20210604,20271231,,,,,,,,,,,,,,,031-8024-4174,
평택시,예정구역,재건축,서정2,경기도 평택시 서정동 794,19330.000,1987,12,420,,,420,,,,,,,,,,,,,,,,,,200%/300%,,,,,,20210604,20281231,,,,,,,,,,,,,,,031-8024-4174,
평택시,예정구역,재건축,서정3,경기도 평택시 서정동 909-1,22270.000,1988,10,380,7,373,,,,,,,,,,,,,,,,,,,200%/300%,,,,,,20210604,20271231,,,,,,,,,,,,,,,031-8024-4174,
평택시,예정구역,재건축,이충1,경기도 평택시 이충동 478,27173.000,1990,13,490,,490,,,,,,,,,,,,,,,,,,,200%/300%,,,,,,20210604,20271231,,,,,,,,,,,,,,,031-8024-4174,
평택시,예정구역,재건축,이충2,경기도 평택시 이충동 381,58242.000,1993,14,1266,,,,1146,120,,,,,,,,,,,,,,,,250%/300%,,,,,,20210604,20281231,,,,,,,,,,,,,,,031-8024-4174,
평택시,예정구역,재건축,동삭1,경기도 평택시 동삭동 340-6,27930.000,1992,7,612,,,78,534,,,,,,,,,,,,,,,,,200%/300%,,,,,,20210604,20281231,,,,,,,,,,,,,,,031-8024-4172,
평택시,예정구역,재건축,남산1,경기도 평택시 팽성읍 남산리 산76-9,11310.000,1997,5,90,,,,90,,,,,,,,,,,,,,,,,180%/250%,,,,,,20210604,20281231,,,,,,,,,,,,,,,031-8024-4172,
평택시,예정구역,주거환경개선,송탄-01,경기도 평택시 신장동 624-22,53185.000,1967~2016,172,0,,,,,,,,,,,,,,,,,,,,,,,,,,,20210604,20271231,,,,,,,,,,,,,,,031-8024-4136,
평택시,예정구역,주거환경개선,송탄-03,경기도 평택시 서정동 570-65,55457.000,1957~2018,178,0,,,,,,,,,,,,,,,,,,,,,,,,,,,20210604,20231231,,,,,,,,,,,,,,,031-8024-4136,
평택시,예정구역,주거환경개선,송탄-04,경기도 평택시 신장동 267-292,64789.000,1966~2016,215,0,,,,,,,,,,,,,,,,,,,,,,,,,,,20210604,20231231,,,,,,,,,,,,,,,031-8024-4136,
평택시,예정구역,주거환경개선,송탄-05,경기도 평택시 서정동 873-29,67895.000,1976~2017,202,0,,,,,,,,,,,,,,,,,,,,,,,,,,,20210604,20281231,,,,,,,,,,,,,,,031-8024-4136,
평택시,예정구역,주거환경개선,송탄-06,경기도 평택시 서정동 893-13,61461.000,1968~2008,171,0,,,,,,,,,,,,,,,,,,,,,,,,,,,20210604,20281231,,,,,,,,,,,,,,,031-8024-4136,
평택시,예정구역,주거환경개선,팽성-01,경기도 평택시 팽성읍 송화리 50-15,50582.000,1972~2017,139,0,,,,,,,,,,,,,,,,,,,,,,,,,,,20210604,20271231,,,,,,,,,,,,,,,031-8024-4136,
평택시,조합설립,재개발,평택1,경기도 평택시 평택동 76,33814.000,1952~2000,50,50,,14,15,21,,1757.00,270,1437,50,1707,,,1391,316,,50,50,,,900%,1300%,339,333,조합,2023,2030,20210604,20231231,,,,20250325,,,,,,,,,,,031-8024-4132,
평택시,예정구역,주거환경개선,송탄-02,경기도 평택시 신장동 280-46,40968.000,1963~2018,196,0,,,,,,,,,,,,,,,,,,,,,,,,,,,20210604,20231231,,,,,,,,,,,,,,,031-8024-4136,
평택시,예정구역,재건축,지산4,경기도 평택시 지산동 1091,13170.000,1992,3,216,,,,216,,,,,,,,,,,,,,,,,200%/300%,,,,,,20210604,20281231,,,,,,,,,,,,,,,031-8024-4174,
하남시,정비구역,재개발,하남시청역 일원,경기도 하남시 신장동 446-18번지 일원,110415.000,1980~2000,465,465,,,465,,,2036.00,732,1196,108,1928,,5,968,955,,108,,91,17,200%,250%,752,,미정,2025,2030,,,20250701,20250701,,,,,,,,,,,,,031-790-5162,
하남시,준공,재개발,C구역,경기도 하남시 덕풍동 285-31번지 일대,49646.000,1985,219,1046,305,652,89,,,980.00,334,596,50,930,12,538,380,,,50,42,8,,230%,250%,343,267,조합,2010,2025,20081007,20100930,20081031,20100917,20141027,20121231,,,,20160401,20180730,20210812,20210923,20240328,20241203,,031-790-5737,
화성시,예정구역,재개발,정남09,경기도 화성시 괘랑리 1163-22,11807.000,1970~1990,,94,,94,,,,,,,,,,,,,,,,,,180%,220%,,,,,,20220304,20271231,,,,,,,,,,,,,,,031-5189-3237,
화성시,사업시행,재건축,화산주택,경기도 화성시 송산동 97-15,17339.000,1987,7,198,,,135,63,,350.00,350,,,350,,60,268,22,,,,,,102%,240%,215,205,조합,2013,,,,,20230324,,20240906,,20121026,,,,,,,,,031-5189-3237,
화성시,예정구역,재개발,안녕1-1,경기도 화성시 안녕동 46-4,74400.000,1970~1990,,546,,546,,,,,,,,,,,,,,,,,,180~230%,220~270%,,,,,,20220304,20271231,,,,,,,,,,,,,,,031-5189-3237,
화성시,조합설립,재건축,신현대2차아파트,경기도 화성시 송산동 97-2,11749.000,1992,,282,282,,,,,,,,,,,,,,,,,,,200%,250%,,,,,,20220304,20301231,,,,,,,,,,,,,,,031-5189-3237,
화성시,조합설립,재건축,신현대아파트,경기도 화성시 송산동 97-129,9501.000,1991,,264,264,,,,,,,,,,,,,,,,,,,200%,250%,,,,,,20220304,20271231,,,,,,,,,,,,,,,031-5189-3237,
화성시,예정구역,재건축,화남아파트,경기도 화성시 진안동 506,10422.000,1990,,415,415,,,,,,,,,,,,,,,,,,,200%,250%,,,,,,20220304,20271231,,,,,,,,,,,,,,,031-5189-3237,
화성시,예정구역,재개발,향남01,경기도 화성시 상신리 623,26558.000,1970~1990,,128,,128,,,,,,,,,,,,,,,,,,180~200%,220~250%,,,,,,20220304,20271231,,,,,,,,,,,,,,,031-5189-3237,
화성시,예정구역,재개발,송산01,경기도 화성시 사강리 590,30275.000,1970~1990,,147,,147,,,,,,,,,,,,,,,,,,180~200%,220~250%,,,,,,20220304,20301231,,,,,,,,,,,,,,,031-5189-3237,
화성시,예정구역,재개발,매송03,경기도 화성시 원평리 77-15,24506.000,1970~1990,,74,,74,,,,,,,,,,,,,,,,,,180%,220%,,,,,,20220304,20241231,,,,,,,,,,,,,,,031-5189-3237,
화성시,예정구역,재개발,매송02,경기도 화성시 천천리 204-1,66163.000,1970~1990,,258,,258,,,,,,,,,,,,,,,,,,180%,220%,,,,,,20220304,20271231,,,,,,,,,,,,,,,031-5189-3237,
화성시,예정구역,재개발,매송01,경기도 화성시 어천리 469,32090.000,1970~1990,,161,,161,,,,,,,,,,,,,,,,,,180~500%,220~800%,,,,,,20220304,20241231,,,,,,,,,,,,,,,031-5189-3237,
화성시,예정구역,재개발,우정2-1,경기도 화성시 조암리 270-38,35944.000,1970~1990,,264,,264,,,,,,,,,,,,,,,,,,230~500%,270~800%,,,,,,20220304,20301231,,,,,,,,,,,,,,,031-5189-3237,
화성시,예정구역,재개발,봉담1-2,경기도 화성시 수영리 649-3,41771.000,1970~1990,,194,,194,,,,,,,,,,,,,,,,,,180~500%,220~800%,,,,,,20220304,20301231,,,,,,,,,,,,,,,031-5189-3237,
화성시,예정구역,재개발,진안1-2,경기도 화성시 진안동 524-7,11738.000,1970~1990,,42,,42,,,,,,,,,,,,,,,,,,180%,220%,,,,,,20220304,20301231,,,,,,,,,,,,,,,031-5189-3237,
화성시,예정구역,재개발,향남2-3,경기도 화성시 발안리133-2,14726.000,1970~1990,,135,,135,,,,,,,,,,,,,,,,,,230~500%,270~800%,,,,,,20220304,20301231,,,,,,,,,,,,,,,031-5189-3237,
화성시,예정구역,재개발,안녕03,경기도 화성시 송산동 142-3,82958.000,1970~1990,,439,,439,,,,,,,,,,,,,,,,,,180~200%,220~250%,,,,,,20220304,20241231,,,,,,,,,,,,,,,031-5189-3237,
화성시,예정구역,재개발,화산01,경기도 화성시 송산동 135-8,22374.000,1970~1990,,142,,142,,,,,,,,,,,,,,,,,,180%,220%,,,,,,20220304,20271231,,,,,,,,,,,,,,,031-5189-3237,
화성시,예정구역,재개발,향남02,경기도 화성시 평리 96-6,22976.000,1970~1990,,154,,154,,,,,,,,,,,,,,,,,,180~500%,220~800%,,,,,,20220304,20271231,,,,,,,,,,,,,,,031-5189-3237,

